usuario_id,fecha,horas_sueno,calidad_sueno,estado_basal,nivel_apoyo,salud_gi,cambio_rutina,desregulaciones_previas,alimentacion,interaccion_social,notas,crisis_24h
1,2026-07-01,7.7,1,1,3,1,0,1,2,1,,0
1,2026-07-02,6.8,3,2,2,1,0,0,1,1,,1
1,2026-07-03,8.0,2,3,2,1,0,1,1,1,,0
1,2026-07-04,9.3,1,3,3,1,0,0,1,2,,0
1,2026-07-05,6.6,1,2,1,1,0,0,1,2,,0
1,2026-07-06,6.6,2,2,2,1,1,0,1,3,,0
1,2026-07-07,9.4,3,1,3,2,2,1,2,3,,0
1,2026-07-08,8.2,3,3,1,1,0,2,2,2,,0
1,2026-07-09,6.3,3,3,2,1,0,0,1,2,,0
1,2026-07-10,7.8,2,2,3,1,0,0,2,2,,0
1,2026-07-11,6.3,2,3,2,3,1,1,2,2,,1
1,2026-07-12,6.3,1,2,2,1,1,0,3,2,,1
1,2026-07-13,7.4,2,2,3,1,2,1,2,2,,1
1,2026-07-14,4.1,2,1,3,1,0,0,1,2,,0
1,2026-07-15,4.4,1,2,1,2,2,2,1,2,,1
1,2026-07-16,6.2,1,2,1,3,0,1,2,2,,1
1,2026-07-17,5.5,2,2,2,1,1,1,1,3,,1
1,2026-07-18,7.5,3,2,2,1,0,4,1,2,,1
1,2026-07-19,5.6,3,3,2,3,1,0,1,2,,1
1,2026-07-20,4.9,3,1,2,1,0,1,1,2,,0
1,2026-07-21,9.2,2,2,1,1,1,1,1,2,,0
1,2026-07-22,6.7,2,2,2,1,1,4,1,1,,0
1,2026-07-23,7.1,2,2,1,1,0,0,1,1,,1
1,2026-07-24,4.9,3,2,2,1,0,0,2,2,,0
1,2026-07-25,6.2,1,1,2,1,1,0,1,2,,0
1,2026-07-26,7.2,2,1,1,1,0,2,1,4,,0
1,2026-07-27,5.3,3,2,1,3,0,1,1,1,,0
1,2026-07-28,7.6,2,2,2,1,0,0,1,1,,0
1,2026-07-29,6.1,2,1,2,2,0,0,1,1,,0
1,2026-07-30,6.6,2,2,1,1,0,0,1,1,,0
2,2026-07-01,6.1,1,2,3,1,0,1,1,3,,0
2,2026-07-02,9.8,2,2,2,1,0,0,2,1,,0
2,2026-07-03,7.0,2,3,3,3,0,0,1,2,,0
2,2026-07-04,5.4,1,1,2,2,1,1,1,2,,1
2,2026-07-05,8.2,1,1,2,1,2,1,1,2,,0
2,2026-07-06,5.2,3,2,3,2,1,1,2,3,,0
2,2026-07-07,7.3,1,2,2,1,0,1,2,2,,0
2,2026-07-08,4.1,2,2,2,3,2,2,2,1,,1
2,2026-07-09,5.0,1,3,1,2,0,1,1,3,,0
2,2026-07-10,7.3,3,3,2,3,0,1,1,3,,0
2,2026-07-11,8.1,1,3,1,1,2,0,1,1,,0
2,2026-07-12,7.3,2,2,1,1,1,1,2,1,,0
2,2026-07-13,6.8,3,2,1,1,1,0,1,1,,0
2,2026-07-14,6.5,3,2,1,1,1,1,3,1,,0
2,2026-07-15,4.8,1,1,3,1,0,0,2,4,,1
2,2026-07-16,5.9,3,2,1,1,0,1,2,2,,0
2,2026-07-17,6.3,2,1,2,1,1,1,1,1,,0
2,2026-07-18,8.6,2,3,3,1,0,0,2,3,,0
2,2026-07-19,7.5,1,2,2,1,0,2,1,2,,0
2,2026-07-20,4.4,1,2,1,1,1,0,1,1,,0
2,2026-07-21,7.5,3,2,2,3,1,1,1,4,,0
2,2026-07-22,6.4,2,1,2,1,0,0,2,3,,0
2,2026-07-23,6.0,2,1,2,1,1,2,1,3,,0
2,2026-07-24,7.9,3,2,2,2,1,1,1,2,,0
2,2026-07-25,8.5,3,1,3,1,1,1,1,3,,0
2,2026-07-26,8.4,1,2,2,1,0,0,2,1,,0
2,2026-07-27,5.7,2,3,1,1,0,2,2,2,,0
2,2026-07-28,6.5,1,3,2,1,0,1,2,4,,0
2,2026-07-29,7.5,3,2,1,3,0,0,1,1,,0
2,2026-07-30,8.5,2,1,3,1,0,0,1,3,,0
3,2026-07-01,6.3,3,3,1,1,0,1,1,2,,1
3,2026-07-02,6.7,1,3,1,1,0,0,1,1,,0
3,2026-07-03,5.3,1,1,3,1,2,0,3,3,,1
3,2026-07-04,5.2,1,2,2,2,0,0,1,1,,0
3,2026-07-05,8.2,1,1,1,1,1,1,1,2,,0
3,2026-07-06,9.0,1,3,2,1,1,0,1,1,,0
3,2026-07-07,6.9,3,3,3,1,0,2,2,4,,0
3,2026-07-08,8.5,1,1,1,1,2,2,1,1,,0
3,2026-07-09,7.5,1,3,3,1,0,1,1,1,,0
3,2026-07-10,6.0,3,2,1,2,0,2,2,1,,0
3,2026-07-11,7.5,2,3,2,2,1,1,1,4,,0
3,2026-07-12,9.3,3,2,3,3,0,0,2,3,,0
3,2026-07-13,6.9,1,3,1,2,1,0,1,3,,0
3,2026-07-14,9.3,2,1,2,1,0,2,2,2,,0
3,2026-07-15,3.1,1,2,1,1,1,1,1,2,,1
3,2026-07-16,8.2,1,1,2,2,0,0,1,1,,0
3,2026-07-17,7.1,3,3,2,2,1,0,2,2,,0
3,2026-07-18,6.6,1,3,2,2,0,0,1,1,,0
3,2026-07-19,7.1,2,3,1,1,1,0,1,4,,0
3,2026-07-20,4.0,2,3,1,1,1,0,1,3,,0
3,2026-07-21,6.7,2,1,1,2,0,2,2,2,,1
3,2026-07-22,7.5,3,2,1,2,1,0,1,1,,0
3,2026-07-23,9.2,1,1,2,3,0,0,3,3,,1
3,2026-07-24,6.2,2,1,3,1,1,1,3,1,,0
3,2026-07-25,5.8,3,1,2,1,0,0,2,1,,0
3,2026-07-26,6.2,2,2,2,1,1,2,1,1,,0
3,2026-07-27,8.4,3,1,3,2,1,0,1,2,,1
3,2026-07-28,7.5,1,1,2,1,0,0,2,3,,0
3,2026-07-29,6.2,2,1,3,1,0,1,1,1,,0
3,2026-07-30,7.8,1,1,2,3,0,0,1,1,,0
4,2026-07-01,7.1,3,3,1,1,1,1,1,2,,0
4,2026-07-02,8.5,3,2,1,2,0,0,1,3,,0
4,2026-07-03,5.9,1,3,2,1,0,0,1,1,,1
4,2026-07-04,6.5,2,2,1,2,1,1,1,1,,1
4,2026-07-05,6.4,1,1,1,1,0,0,2,4,,0
4,2026-07-06,4.8,2,2,2,3,1,0,1,4,,1
4,2026-07-07,7.4,2,2,2,3,0,0,1,4,,0
4,2026-07-08,7.4,3,1,2,1,0,1,1,3,,0
4,2026-07-09,7.0,2,1,1,1,1,0,1,1,,1
4,2026-07-10,6.6,2,1,1,1,0,2,1,1,,1
4,2026-07-11,4.9,1,1,2,1,0,1,2,1,,0
4,2026-07-12,6.4,1,2,3,2,1,2,3,1,,0
4,2026-07-13,6.5,1,2,2,1,0,1,1,4,,1
4,2026-07-14,5.8,1,1,3,1,2,4,1,3,,1
4,2026-07-15,6.8,3,1,2,1,2,0,1,3,,0
4,2026-07-16,7.6,2,3,2,2,0,0,3,1,,0
4,2026-07-17,9.8,2,1,1,3,0,0,2,4,,0
4,2026-07-18,7.3,1,2,2,1,1,0,2,3,,0
4,2026-07-19,7.4,3,3,2,1,0,1,1,1,,0
4,2026-07-20,6.9,3,1,2,1,0,0,3,3,,0
4,2026-07-21,4.1,1,1,2,1,1,2,1,1,,0
4,2026-07-22,7.0,3,2,2,1,0,0,1,1,,0
4,2026-07-23,7.1,2,2,1,1,1,0,2,2,,0
4,2026-07-24,10.0,1,2,2,1,0,1,3,2,,1
4,2026-07-25,6.7,2,3,1,1,0,1,1,1,,0
4,2026-07-26,7.5,2,1,3,1,0,0,1,1,,0
4,2026-07-27,6.9,1,2,1,1,2,1,1,4,,1
4,2026-07-28,5.2,3,2,1,1,1,0,1,2,,0
4,2026-07-29,8.7,3,1,2,2,1,0,1,3,,0
4,2026-07-30,8.1,2,2,2,2,0,1,3,1,,0
5,2026-07-01,8.2,2,1,2,1,0,0,2,1,,0
5,2026-07-02,5.6,2,2,1,1,0,0,2,1,,0
5,2026-07-03,9.1,2,1,2,2,0,0,2,1,,0
5,2026-07-04,4.9,2,2,1,3,0,2,1,1,,0
5,2026-07-05,7.9,1,2,3,1,1,1,2,1,,0
5,2026-07-06,10.0,2,3,3,1,0,0,1,2,,0
5,2026-07-07,5.5,3,1,2,1,2,0,1,1,,1
5,2026-07-08,6.2,2,2,1,1,0,0,1,3,,0
5,2026-07-09,7.1,1,2,2,1,2,0,1,1,,1
5,2026-07-10,6.2,3,2,1,1,0,1,2,2,,0
5,2026-07-11,4.7,1,2,2,1,0,1,3,1,,0
5,2026-07-12,7.1,1,2,1,1,0,2,1,2,,1
5,2026-07-13,5.4,1,2,3,1,0,0,2,1,,0
5,2026-07-14,7.7,2,3,1,1,0,0,1,4,,0
5,2026-07-15,5.6,3,2,2,1,0,0,2,3,,0
5,2026-07-16,9.3,2,2,2,1,0,0,1,2,,0
5,2026-07-17,5.8,1,3,2,1,1,1,1,1,,0
5,2026-07-18,6.5,3,3,1,2,1,0,1,2,,0
5,2026-07-19,8.2,3,3,3,1,1,2,2,3,,0
5,2026-07-20,5.2,3,2,2,2,0,1,1,1,,0
5,2026-07-21,7.3,1,1,2,3,1,0,3,2,,1
5,2026-07-22,9.0,2,2,1,1,0,0,1,3,,0
5,2026-07-23,4.6,3,2,2,1,0,2,3,3,,0
5,2026-07-24,7.3,3,2,2,1,0,1,2,3,,0
5,2026-07-25,7.4,1,2,1,2,0,1,1,3,,0
5,2026-07-26,8.2,1,3,1,3,0,0,1,4,,0
5,2026-07-27,5.1,2,2,3,2,0,2,2,2,,0
5,2026-07-28,5.0,3,3,1,1,0,0,2,2,,0
5,2026-07-29,7.8,2,2,1,1,1,0,2,3,,0
5,2026-07-30,7.4,2,2,2,1,1,0,1,2,,1
6,2026-07-01,7.4,1,2,2,1,2,2,1,4,,0
6,2026-07-02,7.5,2,2,1,1,1,0,3,1,,0
6,2026-07-03,6.0,3,1,2,1,0,1,1,1,,1
6,2026-07-04,7.3,2,1,1,2,1,1,1,1,,0
6,2026-07-05,7.4,3,3,1,1,1,1,1,1,,0
6,2026-07-06,5.9,3,1,1,1,0,2,2,1,,0
6,2026-07-07,9.8,1,2,3,1,0,2,2,3,,0
6,2026-07-08,7.7,2,2,1,2,2,0,1,1,,1
6,2026-07-09,5.2,1,2,1,2,0,0,1,3,,1
6,2026-07-10,8.0,3,2,2,1,2,1,1,2,,1
6,2026-07-11,5.5,2,1,3,1,0,1,1,1,,0
6,2026-07-12,8.2,2,2,1,1,0,1,1,1,,0
6,2026-07-13,8.7,3,2,2,3,0,0,3,2,,0
6,2026-07-14,5.8,2,2,1,1,0,1,1,3,,0
6,2026-07-15,8.4,3,1,2,1,1,0,1,3,,0
6,2026-07-16,7.6,2,2,2,1,2,0,2,3,,1
6,2026-07-17,8.2,1,1,2,1,0,0,1,4,,1
6,2026-07-18,9.8,2,1,1,2,0,2,1,2,,0
6,2026-07-19,6.6,3,1,1,1,1,2,1,4,,0
6,2026-07-20,5.9,2,1,1,1,1,2,1,3,,1
6,2026-07-21,5.7,3,3,1,1,0,0,3,3,,1
6,2026-07-22,5.8,3,1,1,1,0,0,1,1,,0
6,2026-07-23,6.9,1,3,2,3,1,0,1,4,,0
6,2026-07-24,7.5,3,3,3,1,1,1,2,2,,0
6,2026-07-25,7.4,1,2,3,2,0,2,3,3,,0
6,2026-07-26,8.2,1,1,3,2,0,1,1,1,,0
6,2026-07-27,7.0,1,2,2,1,2,0,1,1,,0
6,2026-07-28,9.2,3,2,2,1,1,1,3,1,,1
6,2026-07-29,6.6,2,2,1,1,0,0,1,1,,0
6,2026-07-30,10.0,1,1,2,2,0,2,2,1,,0
7,2026-07-01,7.9,2,2,2,1,1,2,2,3,,1
7,2026-07-02,5.7,2,3,2,1,0,0,2,1,,0
7,2026-07-03,5.4,1,2,2,1,0,1,1,1,,0
7,2026-07-04,7.7,3,1,1,2,0,0,1,1,,0
7,2026-07-05,6.7,3,2,1,1,0,1,2,2,,0
7,2026-07-06,8.1,2,1,3,1,1,0,1,1,,0
7,2026-07-07,7.7,3,1,1,1,0,0,1,1,,0
7,2026-07-08,6.9,2,3,2,1,1,0,1,2,,0
7,2026-07-09,5.7,3,1,3,2,0,1,1,2,,1
7,2026-07-10,4.7,2,1,2,1,0,2,3,1,,1
7,2026-07-11,6.3,2,1,2,2,0,3,1,1,,0
7,2026-07-12,8.3,1,3,1,1,2,3,3,1,,1
7,2026-07-13,7.3,3,2,1,1,1,1,1,4,,0
7,2026-07-14,5.1,2,2,3,1,0,0,1,1,,1
7,2026-07-15,7.3,1,2,2,1,1,0,1,2,,0
7,2026-07-16,7.6,1,1,2,1,1,1,2,1,,0
7,2026-07-17,5.7,2,2,1,1,2,2,2,2,,0
7,2026-07-18,7.2,2,2,1,1,0,1,1,1,,0
7,2026-07-19,7.1,3,1,3,1,1,0,3,1,,1
7,2026-07-20,5.3,3,2,1,1,0,2,1,2,,0
7,2026-07-21,7.5,1,3,2,3,0,1,2,1,,0
7,2026-07-22,7.8,3,1,1,1,2,0,3,1,,1
7,2026-07-23,8.6,1,1,2,1,0,1,2,2,,0
7,2026-07-24,8.6,3,1,3,1,0,0,3,4,,0
7,2026-07-25,4.9,3,1,2,2,0,1,1,1,,0
7,2026-07-26,5.6,2,3,1,2,1,0,1,2,,1
7,2026-07-27,7.8,3,2,2,1,1,1,1,4,,0
7,2026-07-28,7.8,2,2,2,2,0,2,1,3,,0
7,2026-07-29,7.8,2,2,2,1,2,2,2,2,,0
7,2026-07-30,10.0,3,1,3,1,0,0,1,3,,0
8,2026-07-01,7.9,2,2,2,2,0,1,2,1,,0
8,2026-07-02,8.7,2,2,3,2,2,2,1,2,,0
8,2026-07-03,8.4,2,2,2,1,0,2,1,1,,0
8,2026-07-04,8.0,3,3,1,2,0,1,2,1,,0
8,2026-07-05,6.5,2,2,1,1,0,3,1,2,,1
8,2026-07-06,8.1,1,2,1,2,1,1,2,1,,1
8,2026-07-07,5.8,3,3,3,1,0,0,1,2,,0
8,2026-07-08,6.6,3,1,2,1,2,2,2,2,,0
8,2026-07-09,6.3,1,1,2,1,1,0,1,2,,0
8,2026-07-10,7.1,1,1,1,1,0,1,1,1,,0
8,2026-07-11,10.0,1,2,1,1,1,1,2,1,,0
8,2026-07-12,4.2,2,2,2,1,0,2,2,2,,0
8,2026-07-13,8.0,2,2,2,1,0,1,1,4,,0
8,2026-07-14,4.6,3,3,1,1,1,1,1,1,,1
8,2026-07-15,6.3,2,2,2,1,2,0,1,1,,0
8,2026-07-16,8.6,2,2,1,1,0,1,1,3,,0
8,2026-07-17,7.1,2,1,1,1,0,4,2,1,,1
8,2026-07-18,5.4,3,1,2,2,0,1,2,3,,1
8,2026-07-19,5.9,2,2,1,2,0,0,1,2,,0
8,2026-07-20,8.0,3,2,3,2,0,1,1,2,,0
8,2026-07-21,5.9,2,3,1,1,0,1,2,1,,0
8,2026-07-22,7.3,1,1,1,2,1,2,1,1,,1
8,2026-07-23,7.1,2,1,1,1,0,2,2,1,,0
8,2026-07-24,6.0,2,2,2,1,0,0,1,3,,0
8,2026-07-25,10.0,2,1,2,1,1,1,2,3,,0
8,2026-07-26,8.0,1,1,2,2,1,0,1,2,,0
8,2026-07-27,4.0,1,2,1,1,0,1,2,3,,1
8,2026-07-28,7.3,3,1,1,1,0,3,1,1,,0
8,2026-07-29,6.0,1,2,2,1,1,0,1,2,,0
8,2026-07-30,8.3,3,1,3,2,0,0,2,2,,0
9,2026-07-01,5.8,1,1,3,1,0,1,1,3,,0
9,2026-07-02,6.8,2,2,1,1,1,0,1,1,,0
9,2026-07-03,7.8,2,3,2,1,0,1,1,2,,0
9,2026-07-04,8.3,2,2,3,1,0,0,1,3,,0
9,2026-07-05,5.2,2,2,1,1,0,1,3,2,,0
9,2026-07-06,6.5,1,1,3,1,0,0,2,1,,0
9,2026-07-07,6.3,1,2,1,2,0,0,1,2,,1
9,2026-07-08,6.0,2,1,3,1,2,1,2,1,,0
9,2026-07-09,9.6,2,2,2,1,0,0,1,2,,0
9,2026-07-10,7.6,3,2,3,1,0,1,3,4,,0
9,2026-07-11,5.1,3,3,2,1,0,1,1,2,,0
9,2026-07-12,8.4,3,2,1,1,2,3,1,2,,0
9,2026-07-13,10.0,3,1,3,1,0,0,1,2,,0
9,2026-07-14,8.5,2,1,1,1,0,1,1,1,,0
9,2026-07-15,4.7,1,3,1,2,1,2,1,1,,0
9,2026-07-16,6.3,3,2,2,1,0,0,1,4,,0
9,2026-07-17,8.9,2,2,2,1,0,2,2,2,,0
9,2026-07-18,5.9,2,1,3,2,0,0,1,1,,0
9,2026-07-19,7.7,1,2,1,1,0,0,3,1,,0
9,2026-07-20,8.2,2,1,2,2,0,0,1,2,,1
9,2026-07-21,5.6,2,3,2,1,1,0,2,3,,0
9,2026-07-22,6.9,3,2,1,1,0,2,3,3,,0
9,2026-07-23,3.0,2,3,1,2,0,1,2,1,,0
9,2026-07-24,5.5,2,1,1,1,0,0,2,4,,0
9,2026-07-25,6.6,3,2,1,1,0,0,2,2,,0
9,2026-07-26,5.1,1,2,3,2,0,0,1,2,,0
9,2026-07-27,9.4,2,2,2,1,2,1,2,2,,0
9,2026-07-28,4.9,1,3,2,1,0,1,1,1,,0
9,2026-07-29,6.3,3,3,3,1,1,1,1,4,,0
9,2026-07-30,7.2,3,3,1,2,0,0,1,1,,0
10,2026-07-01,9.2,1,2,3,3,0,0,2,1,,0
10,2026-07-02,4.8,3,1,2,1,0,0,1,3,,0
10,2026-07-03,8.7,1,1,3,1,0,0,1,2,,0
10,2026-07-04,7.0,3,3,1,3,0,2,1,3,,0
10,2026-07-05,5.5,3,1,3,1,0,1,3,2,,1
10,2026-07-06,7.7,3,2,1,1,1,0,1,1,,0
10,2026-07-07,7.3,1,2,1,2,0,4,1,4,,0
10,2026-07-08,6.1,3,2,2,2,0,0,1,1,,0
10,2026-07-09,7.1,3,3,1,2,0,0,3,3,,0
10,2026-07-10,6.4,2,2,2,1,0,0,3,1,,0
10,2026-07-11,7.2,3,2,2,1,0,0,2,3,,0
10,2026-07-12,8.0,1,1,2,1,0,1,2,1,,0
10,2026-07-13,9.4,3,2,1,1,0,3,1,2,,0
10,2026-07-14,5.1,1,1,1,1,1,0,3,3,,0
10,2026-07-15,10.0,3,2,1,2,1,1,1,2,,0
10,2026-07-16,4.1,2,3,2,1,0,0,1,3,,0
10,2026-07-17,6.8,1,3,1,2,0,0,1,3,,0
10,2026-07-18,7.9,1,1,1,1,1,0,1,3,,0
10,2026-07-19,7.4,1,2,1,1,0,1,2,4,,0
10,2026-07-20,6.1,2,3,1,1,0,1,1,2,,0
10,2026-07-21,6.7,2,1,2,1,0,0,3,1,,0
10,2026-07-22,6.3,2,1,3,1,0,0,1,1,,0
10,2026-07-23,6.1,1,1,1,3,0,0,1,1,,0
10,2026-07-24,8.3,1,2,2,2,0,0,1,1,,0
10,2026-07-25,7.5,3,1,2,1,0,2,2,2,,1
10,2026-07-26,6.0,1,3,2,1,0,0,2,1,,0
10,2026-07-27,8.3,3,2,2,3,1,1,1,1,,0
10,2026-07-28,7.5,3,2,2,1,0,1,1,1,,0
10,2026-07-29,8.2,2,1,2,1,0,1,1,3,,0
10,2026-07-30,7.9,2,2,1,1,0,1,2,2,,0
11,2026-07-01,5.8,3,2,2,3,1,1,3,1,,1
11,2026-07-02,6.2,1,2,2,1,1,0,1,3,,1
11,2026-07-03,8.1,1,2,1,1,1,2,2,1,,0
11,2026-07-04,7.9,1,2,1,3,0,0,1,4,,0
11,2026-07-05,7.0,3,3,3,1,1,0,1,2,,0
11,2026-07-06,7.2,1,3,2,1,1,1,3,1,,0
11,2026-07-07,8.9,2,2,2,1,0,2,1,2,,0
11,2026-07-08,6.1,3,1,3,2,0,1,1,3,,0
11,2026-07-09,7.8,3,1,2,1,0,2,1,2,,0
11,2026-07-10,6.7,2,1,2,3,1,0,1,3,,1
11,2026-07-11,6.7,1,2,2,1,0,0,2,1,,0
11,2026-07-12,8.6,3,2,3,1,0,0,2,1,,0
11,2026-07-13,8.2,2,2,2,3,2,1,3,1,,1
11,2026-07-14,8.2,1,3,2,1,1,0,1,1,,0
11,2026-07-15,9.0,1,3,1,1,2,1,1,1,,0
11,2026-07-16,7.0,3,3,3,1,2,0,1,4,,0
11,2026-07-17,8.0,2,2,2,1,0,3,1,1,,0
11,2026-07-18,6.5,3,2,1,1,1,0,3,2,,0
11,2026-07-19,7.5,3,1,3,1,0,0,2,2,,0
11,2026-07-20,6.8,2,1,2,1,1,0,1,3,,0
11,2026-07-21,7.1,2,1,1,2,0,0,2,4,,0
11,2026-07-22,7.9,2,2,2,1,2,1,2,3,,0
11,2026-07-23,5.8,2,2,2,3,1,1,1,4,,0
11,2026-07-24,10.0,2,3,3,1,1,2,2,3,,0
11,2026-07-25,5.5,3,1,1,1,0,3,1,4,,0
11,2026-07-26,5.2,2,2,3,1,0,1,1,3,,0
11,2026-07-27,8.7,3,2,2,1,1,0,1,1,,0
11,2026-07-28,8.2,2,1,1,1,0,0,1,2,,0
11,2026-07-29,7.9,2,2,3,2,1,0,1,2,,0
11,2026-07-30,7.9,2,1,2,3,0,0,1,1,,0
12,2026-07-01,7.0,2,2,1,3,1,0,1,1,,0
12,2026-07-02,5.7,3,2,2,1,0,0,2,2,,0
12,2026-07-03,7.1,1,1,3,2,1,1,3,4,,1
12,2026-07-04,6.0,2,1,1,1,1,1,2,1,,0
12,2026-07-05,8.5,1,2,1,1,0,3,1,3,,1
12,2026-07-06,6.8,2,3,1,2,0,0,1,3,,0
12,2026-07-07,5.8,2,2,1,1,0,4,1,4,,1
12,2026-07-08,6.5,2,2,2,1,0,1,1,4,,0
12,2026-07-09,7.6,3,2,2,1,0,1,1,3,,0
12,2026-07-10,6.2,2,3,1,1,1,1,2,2,,1
12,2026-07-11,5.8,3,3,1,2,0,0,2,1,,0
12,2026-07-12,7.4,2,2,1,1,0,1,2,2,,0
12,2026-07-13,7.4,2,2,3,3,0,1,1,3,,0
12,2026-07-14,6.2,1,3,1,1,0,0,1,3,,0
12,2026-07-15,6.3,1,2,3,1,0,3,2,3,,0
12,2026-07-16,7.3,2,2,2,1,2,1,1,1,,0
12,2026-07-17,4.8,2,1,1,1,1,1,1,2,,1
12,2026-07-18,4.9,1,3,3,1,0,0,1,1,,0
12,2026-07-19,5.9,1,3,2,2,0,1,1,1,,1
12,2026-07-20,6.7,1,1,2,2,1,0,1,1,,0
12,2026-07-21,7.5,3,2,3,3,0,0,2,1,,0
12,2026-07-22,9.2,2,2,1,2,0,0,2,3,,0
12,2026-07-23,8.3,2,1,1,2,0,1,1,1,,0
12,2026-07-24,6.8,1,3,2,1,0,0,1,1,,0
12,2026-07-25,7.0,2,1,1,2,2,1,2,4,,0
12,2026-07-26,5.5,1,1,1,1,1,1,1,1,,0
12,2026-07-27,7.0,1,2,1,1,0,3,1,1,,1
12,2026-07-28,6.6,2,2,1,1,0,0,1,1,,0
12,2026-07-29,7.5,1,1,2,1,1,1,1,1,,0
12,2026-07-30,5.8,1,2,1,1,1,0,2,1,,0
13,2026-07-01,7.8,1,2,2,3,1,0,2,1,,0
13,2026-07-02,9.3,1,1,2,1,1,0,1,2,,0
13,2026-07-03,6.8,1,1,2,1,0,2,1,1,,0
13,2026-07-04,7.6,2,2,1,1,1,1,1,1,,0
13,2026-07-05,8.0,3,1,2,1,1,0,1,3,,0
13,2026-07-06,6.4,2,3,1,1,0,1,3,2,,0
13,2026-07-07,7.3,2,3,2,1,1,0,2,4,,0
13,2026-07-08,7.0,1,3,3,1,0,1,1,2,,0
13,2026-07-09,7.1,3,1,2,1,0,0,2,1,,0
13,2026-07-10,5.8,2,3,2,2,0,0,2,3,,0
13,2026-07-11,7.0,1,2,2,2,0,0,2,1,,1
13,2026-07-12,7.7,2,2,1,1,0,2,1,1,,0
13,2026-07-13,9.2,1,1,3,1,0,1,1,2,,0
13,2026-07-14,8.4,2,1,3,1,0,0,2,2,,1
13,2026-07-15,10.0,2,2,1,2,0,0,1,3,,0
13,2026-07-16,5.8,3,2,2,1,0,3,3,4,,1
13,2026-07-17,8.3,2,1,3,1,0,1,2,1,,0
13,2026-07-18,7.3,3,2,3,2,1,0,3,2,,0
13,2026-07-19,10.0,3,1,2,1,0,1,1,2,,0
13,2026-07-20,5.8,1,2,2,1,0,0,2,4,,0
13,2026-07-21,5.7,1,2,1,1,1,0,1,3,,0
13,2026-07-22,6.1,2,3,3,3,1,0,3,4,,1
13,2026-07-23,3.8,2,3,1,2,1,1,1,1,,1
13,2026-07-24,6.2,2,2,2,2,0,0,1,3,,0
13,2026-07-25,5.9,3,2,1,1,0,0,2,1,,0
13,2026-07-26,7.2,3,2,1,1,1,0,1,1,,0
13,2026-07-27,7.5,2,3,2,3,0,1,1,4,,0
13,2026-07-28,9.8,2,2,3,3,0,1,3,1,,0
13,2026-07-29,8.4,3,1,1,1,0,0,1,4,,0
13,2026-07-30,6.1,3,1,2,2,1,2,2,1,,0
14,2026-07-01,5.7,3,2,1,1,0,1,1,3,,0
14,2026-07-02,7.7,1,2,1,1,2,2,2,1,,0
14,2026-07-03,5.0,2,3,2,1,1,1,2,1,,0
14,2026-07-04,9.7,1,1,2,1,0,1,1,1,,0
14,2026-07-05,8.8,1,2,1,3,1,0,1,2,,0
14,2026-07-06,6.3,1,3,1,1,1,0,1,1,,0
14,2026-07-07,4.4,2,3,1,1,1,0,1,2,,0
14,2026-07-08,9.0,2,2,1,3,0,1,1,1,,0
14,2026-07-09,6.8,1,2,3,3,1,1,2,1,,1
14,2026-07-10,8.9,2,2,3,1,0,1,1,1,,0
14,2026-07-11,4.6,2,3,1,1,2,0,1,2,,0
14,2026-07-12,6.1,2,1,2,1,0,2,2,3,,0
14,2026-07-13,7.0,1,3,3,1,0,1,1,3,,1
14,2026-07-14,7.1,2,2,1,3,1,0,1,1,,0
14,2026-07-15,6.3,3,2,3,3,1,1,1,2,,0
14,2026-07-16,7.9,1,1,3,1,0,0,1,3,,1
14,2026-07-17,5.4,1,2,1,1,0,0,2,1,,0
14,2026-07-18,6.8,2,2,1,1,0,1,2,2,,0
14,2026-07-19,7.2,3,1,3,3,2,0,1,2,,1
14,2026-07-20,7.8,2,2,2,1,1,0,1,1,,0
14,2026-07-21,8.1,2,3,1,1,1,2,1,1,,0
14,2026-07-22,5.3,2,2,1,1,0,1,1,1,,0
14,2026-07-23,4.7,2,2,2,1,0,0,3,2,,0
14,2026-07-24,8.9,1,1,2,1,1,1,1,1,,1
14,2026-07-25,7.5,2,2,2,1,1,0,1,1,,0
14,2026-07-26,5.9,3,1,3,3,0,0,1,1,,0
14,2026-07-27,9.3,2,2,1,3,1,1,2,1,,0
14,2026-07-28,7.2,3,3,2,2,0,1,2,1,,0
14,2026-07-29,8.8,3,2,2,1,0,1,2,4,,0
14,2026-07-30,7.1,1,1,2,1,0,0,2,1,,0
15,2026-07-01,10.0,3,2,1,1,0,0,1,2,,0
15,2026-07-02,9.6,1,2,3,1,0,1,1,1,,0
15,2026-07-03,6.6,2,2,3,3,0,2,1,2,,0
15,2026-07-04,8.5,1,3,2,1,0,1,2,2,,0
15,2026-07-05,8.0,1,3,2,1,1,0,2,1,,0
15,2026-07-06,9.1,2,2,1,3,0,1,1,3,,0
15,2026-07-07,5.6,1,2,2,3,0,2,2,2,,0
15,2026-07-08,8.0,2,1,2,1,0,0,2,3,,0
15,2026-07-09,8.6,2,1,2,1,0,1,2,2,,1
15,2026-07-10,4.4,1,2,3,1,1,0,1,4,,1
15,2026-07-11,5.2,1,2,2,1,0,1,2,3,,0
15,2026-07-12,3.9,2,2,1,1,1,3,1,4,,1
15,2026-07-13,6.6,2,2,2,1,1,0,2,2,,0
15,2026-07-14,8.1,3,1,1,3,0,1,3,2,,0
15,2026-07-15,9.3,2,2,1,1,0,0,1,3,,0
15,2026-07-16,7.1,3,1,1,1,0,0,2,3,,0
15,2026-07-17,9.4,2,1,2,1,0,0,2,4,,0
15,2026-07-18,4.9,2,3,2,1,1,0,1,1,,0
15,2026-07-19,4.4,2,1,2,2,0,1,1,3,,0
15,2026-07-20,6.9,1,2,2,1,0,0,1,1,,0
15,2026-07-21,7.6,2,1,2,1,0,2,3,2,,1
15,2026-07-22,7.0,3,3,1,1,0,0,2,1,,0
15,2026-07-23,3.9,2,2,3,2,0,2,1,1,,0
15,2026-07-24,6.9,3,1,1,1,0,1,1,4,,0
15,2026-07-25,5.0,3,2,1,2,0,1,1,1,,0
15,2026-07-26,8.0,3,2,2,1,0,3,1,2,,0
15,2026-07-27,7.5,3,3,1,1,1,0,1,2,,0
15,2026-07-28,5.6,2,1,1,1,1,1,1,1,,1
15,2026-07-29,6.2,2,3,2,3,0,1,1,1,,1
15,2026-07-30,5.4,2,3,2,3,0,0,1,2,,0
16,2026-07-01,6.9,2,3,2,1,2,1,2,1,,1
16,2026-07-02,8.4,2,2,3,1,0,1,3,3,,0
16,2026-07-03,5.5,3,2,2,1,0,2,2,4,,0
16,2026-07-04,7.8,2,2,3,1,0,0,2,1,,0
16,2026-07-05,6.2,2,2,1,1,1,1,1,1,,0
16,2026-07-06,5.8,1,2,2,3,0,1,1,2,,0
16,2026-07-07,6.8,2,2,3,3,2,1,1,3,,1
16,2026-07-08,5.4,1,2,2,1,1,0,2,1,,0
16,2026-07-09,6.2,3,2,2,1,1,1,3,1,,0
16,2026-07-10,5.2,2,3,1,2,1,2,2,2,,0
16,2026-07-11,9.9,1,1,1,2,0,1,2,4,,0
16,2026-07-12,7.1,1,3,2,1,0,0,2,1,,0
16,2026-07-13,6.0,2,2,1,1,1,0,1,2,,0
16,2026-07-14,7.3,2,3,3,1,2,1,1,4,,0
16,2026-07-15,6.8,2,2,1,1,0,1,1,2,,0
16,2026-07-16,6.7,1,2,3,1,2,1,1,3,,0
16,2026-07-17,7.9,2,3,3,1,0,2,2,2,,0
16,2026-07-18,8.1,2,1,1,1,0,2,1,4,,1
16,2026-07-19,6.2,2,3,1,1,0,1,1,2,,0
16,2026-07-20,6.1,2,2,3,1,0,0,1,3,,0
16,2026-07-21,6.6,2,2,3,1,0,1,1,2,,0
16,2026-07-22,3.5,1,2,2,2,0,0,1,3,,1
16,2026-07-23,4.7,3,2,1,2,0,1,1,1,,0
16,2026-07-24,9.1,2,2,2,1,0,1,1,1,,0
16,2026-07-25,9.5,2,1,2,1,0,2,2,3,,0
16,2026-07-26,6.6,1,1,1,3,2,0,1,1,,1
16,2026-07-27,7.9,2,1,2,1,0,0,2,2,,0
16,2026-07-28,7.5,1,3,1,1,0,0,2,1,,0
16,2026-07-29,10.0,2,3,1,1,0,2,2,3,,0
16,2026-07-30,8.7,3,2,1,1,0,0,2,1,,0
17,2026-07-01,6.8,2,2,1,1,1,0,1,3,,0
17,2026-07-02,5.6,1,2,1,3,0,0,1,2,,1
17,2026-07-03,4.6,1,2,2,1,1,1,1,1,,0
17,2026-07-04,7.3,2,3,1,1,0,1,1,2,,0
17,2026-07-05,5.9,1,3,1,3,0,0,3,1,,1
17,2026-07-06,4.9,1,2,1,1,0,1,2,1,,0
17,2026-07-07,6.0,3,2,3,1,0,2,1,1,,0
17,2026-07-08,5.4,2,1,2,1,0,0,1,1,,0
17,2026-07-09,9.5,1,3,2,1,0,3,1,4,,1
17,2026-07-10,8.3,3,1,2,1,0,1,2,1,,0
17,2026-07-11,7.0,1,2,3,1,0,2,2,2,,0
17,2026-07-12,9.2,3,2,1,1,2,1,2,1,,0
17,2026-07-13,7.1,2,2,2,1,0,1,3,2,,0
17,2026-07-14,5.7,3,1,2,1,0,1,1,1,,0
17,2026-07-15,9.3,2,3,2,1,0,1,1,2,,0
17,2026-07-16,7.8,3,1,1,1,0,1,1,3,,0
17,2026-07-17,5.4,3,2,2,1,0,1,1,2,,0
17,2026-07-18,6.7,1,1,1,1,1,1,3,1,,1
17,2026-07-19,5.7,3,2,2,3,2,1,1,2,,0
17,2026-07-20,4.9,2,2,2,1,0,0,2,1,,0
17,2026-07-21,8.4,2,2,1,1,0,0,1,1,,0
17,2026-07-22,9.9,2,1,3,2,0,0,1,2,,0
17,2026-07-23,4.9,2,1,1,1,1,0,1,2,,1
17,2026-07-24,7.8,1,2,3,1,0,1,1,2,,0
17,2026-07-25,6.0,2,2,2,2,0,1,2,3,,0
17,2026-07-26,6.3,2,3,1,2,0,0,1,1,,0
17,2026-07-27,6.1,3,1,1,1,1,1,2,1,,0
17,2026-07-28,5.7,3,2,3,1,0,1,2,1,,0
17,2026-07-29,7.1,2,1,1,1,0,0,1,2,,0
17,2026-07-30,5.8,2,1,1,2,1,0,2,2,,1
18,2026-07-01,7.4,1,2,1,1,0,1,1,1,,0
18,2026-07-02,6.9,1,2,2,1,1,1,2,3,,0
18,2026-07-03,6.6,1,1,2,2,0,2,2,2,,0
18,2026-07-04,5.6,2,1,1,1,1,2,3,2,,1
18,2026-07-05,6.1,1,1,1,2,1,1,1,2,,1
18,2026-07-06,8.1,3,3,1,1,0,1,1,2,,0
18,2026-07-07,7.8,2,3,1,1,1,1,1,2,,0
18,2026-07-08,5.5,2,1,2,1,0,0,1,1,,0
18,2026-07-09,7.1,2,1,2,2,2,1,2,1,,1
18,2026-07-10,8.1,1,3,1,1,0,0,3,1,,0
18,2026-07-11,4.5,2,3,1,1,1,4,1,2,,1
18,2026-07-12,7.8,2,2,1,1,0,0,1,3,,0
18,2026-07-13,6.0,2,1,3,2,2,0,1,2,,0
18,2026-07-14,7.9,2,1,3,3,0,1,1,1,,0
18,2026-07-15,5.9,3,2,3,1,2,1,1,3,,1
18,2026-07-16,4.3,3,2,1,1,2,0,1,3,,0
18,2026-07-17,4.6,2,1,1,3,0,2,2,3,,1
18,2026-07-18,7.1,2,2,1,1,1,2,1,2,,1
18,2026-07-19,7.4,2,1,1,1,2,1,1,3,,0
18,2026-07-20,5.6,1,2,2,1,0,2,2,1,,0
18,2026-07-21,8.0,2,2,2,2,0,0,1,1,,0
18,2026-07-22,4.5,1,1,3,1,0,2,2,1,,1
18,2026-07-23,6.9,2,2,3,1,0,0,2,3,,0
18,2026-07-24,5.2,2,2,1,1,0,4,2,1,,1
18,2026-07-25,6.0,1,3,2,1,0,1,1,2,,0
18,2026-07-26,7.1,3,2,1,1,0,0,1,2,,0
18,2026-07-27,5.7,3,1,1,1,0,1,2,1,,0
18,2026-07-28,6.4,3,2,2,1,0,1,2,3,,0
18,2026-07-29,8.5,2,1,1,1,1,1,1,1,,0
18,2026-07-30,6.1,3,3,2,1,1,0,1,1,,0
19,2026-07-01,8.3,1,2,1,2,0,0,1,3,,0
19,2026-07-02,5.3,3,2,2,2,1,0,1,1,,0
19,2026-07-03,7.8,1,1,2,2,1,1,1,2,,0
19,2026-07-04,9.2,3,2,1,1,2,0,1,3,,0
19,2026-07-05,3.3,1,3,3,1,0,1,1,4,,1
19,2026-07-06,5.8,3,3,1,1,0,0,2,3,,0
19,2026-07-07,7.9,3,1,2,3,2,2,1,1,,1
19,2026-07-08,6.7,1,1,2,2,2,0,2,2,,1
19,2026-07-09,7.6,2,3,2,2,1,3,2,1,,1
19,2026-07-10,6.1,3,3,3,1,1,0,1,1,,0
19,2026-07-11,7.1,2,1,1,1,0,1,2,1,,0
19,2026-07-12,6.8,3,2,2,1,0,0,2,1,,0
19,2026-07-13,8.8,2,2,2,1,0,1,1,3,,0
19,2026-07-14,7.4,2,3,3,1,0,2,1,1,,0
19,2026-07-15,7.5,1,1,1,3,1,1,1,2,,0
19,2026-07-16,6.4,1,1,2,1,0,1,3,2,,1
19,2026-07-17,6.3,3,2,2,1,0,0,2,2,,0
19,2026-07-18,6.4,2,1,1,1,2,1,1,4,,1
19,2026-07-19,7.6,2,2,2,3,0,1,2,1,,0
19,2026-07-20,6.4,2,2,1,1,2,0,1,2,,1
19,2026-07-21,7.4,2,2,2,1,2,1,1,2,,0
19,2026-07-22,10.0,3,2,3,3,0,0,2,1,,0
19,2026-07-23,8.3,3,2,2,1,0,3,1,2,,0
19,2026-07-24,6.5,2,1,2,1,0,0,2,3,,0
19,2026-07-25,8.8,3,2,2,1,0,1,2,1,,0
19,2026-07-26,6.4,3,3,1,1,0,1,2,1,,0
19,2026-07-27,3.9,2,2,1,2,0,5,1,1,,0
19,2026-07-28,5.5,3,1,2,2,2,1,2,3,,0
19,2026-07-29,4.2,1,1,1,1,0,0,3,3,,0
19,2026-07-30,6.5,1,1,1,1,1,0,1,2,,0
20,2026-07-01,7.0,3,2,2,1,0,1,1,2,,0
20,2026-07-02,9.5,2,2,1,1,0,3,1,3,,0
20,2026-07-03,7.5,3,2,1,1,2,0,2,3,,0
20,2026-07-04,6.7,3,1,2,1,0,0,2,3,,0
20,2026-07-05,8.2,1,1,1,1,0,0,1,3,,0
20,2026-07-06,3.7,3,2,3,2,1,1,2,2,,1
20,2026-07-07,7.4,2,2,3,1,1,2,1,2,,0
20,2026-07-08,8.2,2,1,2,1,1,0,2,3,,0
20,2026-07-09,4.8,2,2,1,1,0,1,1,4,,0
20,2026-07-10,8.7,3,1,2,2,0,0,1,1,,0
20,2026-07-11,7.5,1,3,3,1,2,0,1,1,,0
20,2026-07-12,6.4,2,3,2,1,2,1,1,4,,1
20,2026-07-13,7.9,2,1,1,1,0,0,2,1,,0
20,2026-07-14,10.0,3,1,2,2,1,2,1,3,,1
20,2026-07-15,7.3,2,2,3,1,0,0,1,1,,0
20,2026-07-16,7.4,1,1,2,2,0,1,1,1,,1
20,2026-07-17,6.3,1,2,2,3,0,2,1,1,,1
20,2026-07-18,5.7,2,3,2,2,0,0,2,1,,0
20,2026-07-19,8.2,3,2,2,1,0,0,2,1,,0
20,2026-07-20,5.7,1,3,1,1,0,0,1,2,,0
20,2026-07-21,7.1,1,2,2,1,0,0,1,3,,0
20,2026-07-22,6.3,3,1,1,3,1,1,1,4,,1
20,2026-07-23,7.7,1,2,2,1,1,1,3,2,,1
20,2026-07-24,7.5,3,2,1,1,1,0,3,2,,0
20,2026-07-25,8.6,2,2,2,1,2,0,2,2,,1
20,2026-07-26,6.2,3,1,1,1,0,0,3,2,,0
20,2026-07-27,6.6,1,1,2,1,0,0,2,2,,0
20,2026-07-28,5.5,1,3,2,1,1,1,2,1,,1
20,2026-07-29,6.3,3,1,1,1,0,1,1,1,,0
20,2026-07-30,7.6,3,3,1,2,0,1,1,1,,0
21,2026-07-01,8.1,3,3,1,1,0,1,1,1,,0
21,2026-07-02,5.6,1,2,3,1,1,0,1,3,,1
21,2026-07-03,8.3,3,2,2,1,0,1,2,1,,0
21,2026-07-04,9.0,3,2,2,1,1,0,1,3,,0
21,2026-07-05,7.6,2,3,1,2,0,1,1,4,,0
21,2026-07-06,9.8,3,1,2,1,1,1,1,4,,0
21,2026-07-07,5.8,3,2,3,1,1,2,1,4,,0
21,2026-07-08,5.1,2,2,3,1,1,2,1,1,,1
21,2026-07-09,4.3,1,2,2,3,0,0,3,2,,0
21,2026-07-10,9.2,2,2,1,1,0,1,2,1,,0
21,2026-07-11,8.0,1,2,1,2,1,0,2,3,,0
21,2026-07-12,6.9,2,2,1,1,0,1,1,3,,0
21,2026-07-13,7.4,2,3,1,1,0,3,1,3,,1
21,2026-07-14,5.3,1,1,1,1,0,1,1,2,,1
21,2026-07-15,10.0,2,3,1,2,2,0,2,3,,0
21,2026-07-16,7.2,1,2,1,1,0,0,1,1,,0
21,2026-07-17,7.2,3,3,3,3,1,1,1,1,,0
21,2026-07-18,8.1,3,2,2,1,0,0,2,3,,0
21,2026-07-19,7.7,1,2,3,1,0,2,1,2,,0
21,2026-07-20,7.3,3,1,2,1,1,1,1,4,,0
21,2026-07-21,5.8,2,3,1,2,0,2,1,1,,0
21,2026-07-22,7.7,1,1,2,1,0,0,1,3,,0
21,2026-07-23,9.8,1,3,1,2,1,0,1,2,,0
21,2026-07-24,9.0,2,3,2,3,1,0,1,3,,0
21,2026-07-25,9.4,3,1,1,3,0,1,2,3,,1
21,2026-07-26,6.2,3,1,3,1,1,1,2,4,,1
21,2026-07-27,5.5,1,2,1,1,1,0,1,1,,0
21,2026-07-28,6.8,1,1,1,2,1,1,2,4,,1
21,2026-07-29,7.1,2,3,3,1,0,1,1,1,,0
21,2026-07-30,8.6,1,1,1,1,0,1,1,1,,0
22,2026-07-01,4.5,1,1,2,1,2,0,1,2,,1
22,2026-07-02,9.3,1,3,2,1,1,0,2,3,,0
22,2026-07-03,6.8,3,2,3,1,0,2,1,2,,0
22,2026-07-04,6.4,3,3,3,1,0,2,2,3,,0
22,2026-07-05,5.5,2,2,3,1,0,1,2,3,,0
22,2026-07-06,4.5,3,2,1,1,0,0,1,1,,0
22,2026-07-07,8.2,2,2,3,1,0,4,2,4,,0
22,2026-07-08,7.1,2,2,2,1,0,1,3,1,,0
22,2026-07-09,5.1,1,2,2,1,1,2,1,3,,1
22,2026-07-10,5.1,2,2,1,1,0,1,1,1,,0
22,2026-07-11,6.5,3,2,2,1,1,0,2,2,,0
22,2026-07-12,9.5,2,1,3,1,0,2,2,2,,0
22,2026-07-13,6.6,2,2,3,1,0,2,1,1,,0
22,2026-07-14,4.7,2,1,2,2,0,0,1,1,,1
22,2026-07-15,6.6,1,2,1,1,0,2,1,1,,1
22,2026-07-16,6.6,3,1,1,2,1,1,1,1,,1
22,2026-07-17,3.0,2,2,3,1,1,1,1,1,,0
22,2026-07-18,6.9,2,2,2,1,0,0,3,2,,0
22,2026-07-19,6.7,2,1,2,1,0,2,2,3,,0
22,2026-07-20,8.0,2,1,1,1,0,0,1,2,,1
22,2026-07-21,9.8,1,1,2,1,1,2,2,3,,0
22,2026-07-22,8.7,2,2,2,1,1,2,2,2,,0
22,2026-07-23,6.6,1,3,3,1,0,0,1,2,,0
22,2026-07-24,5.3,3,1,2,1,1,0,1,2,,0
22,2026-07-25,10.0,3,2,1,1,1,0,1,2,,0
22,2026-07-26,7.1,3,2,2,3,0,2,2,2,,0
22,2026-07-27,7.0,2,2,1,1,0,0,1,1,,0
22,2026-07-28,7.0,2,3,3,1,2,0,3,3,,0
22,2026-07-29,7.3,1,2,1,1,1,0,1,3,,0
22,2026-07-30,6.8,3,2,2,1,0,0,1,1,,1
23,2026-07-01,6.1,1,1,1,2,0,3,1,3,,0
23,2026-07-02,6.2,2,1,2,1,0,1,1,1,,0
23,2026-07-03,7.0,1,1,2,1,0,0,2,1,,0
23,2026-07-04,6.2,1,1,2,2,1,1,3,1,,0
23,2026-07-05,5.9,2,2,1,1,0,1,1,3,,0
23,2026-07-06,7.2,1,2,1,1,1,0,3,3,,0
23,2026-07-07,6.6,3,2,1,3,1,0,2,3,,0
23,2026-07-08,9.3,2,1,2,1,0,1,1,1,,0
23,2026-07-09,3.0,1,1,1,1,0,2,2,2,,1
23,2026-07-10,8.6,2,2,2,1,0,2,1,3,,0
23,2026-07-11,8.9,1,3,3,1,1,1,1,1,,0
23,2026-07-12,3.9,1,1,3,1,0,0,1,2,,0
23,2026-07-13,6.5,3,3,2,2,1,5,2,1,,1
23,2026-07-14,6.4,1,2,2,1,1,2,1,1,,0
23,2026-07-15,4.9,3,2,1,2,0,1,2,2,,0
23,2026-07-16,5.8,1,2,2,3,2,1,2,2,,1
23,2026-07-17,5.3,1,1,3,1,2,1,1,1,,1
23,2026-07-18,9.6,3,1,1,1,0,0,1,1,,0
23,2026-07-19,8.4,2,2,2,1,0,1,1,1,,0
23,2026-07-20,8.9,1,2,3,3,2,1,1,1,,1
23,2026-07-21,8.1,2,3,3,2,2,0,1,1,,0
23,2026-07-22,5.3,1,2,1,1,0,0,1,1,,0
23,2026-07-23,6.2,3,1,2,1,0,1,1,2,,0
23,2026-07-24,7.7,2,2,1,1,0,1,1,2,,0
23,2026-07-25,5.2,3,1,1,3,2,0,1,3,,1
23,2026-07-26,8.1,3,2,3,1,0,0,1,3,,0
23,2026-07-27,6.6,2,2,3,1,0,0,2,1,,0
23,2026-07-28,6.4,3,3,2,2,1,2,3,1,,1
23,2026-07-29,8.1,2,2,1,1,0,0,1,3,,0
23,2026-07-30,7.7,3,2,3,1,1,0,1,1,,0
24,2026-07-01,6.5,1,2,2,1,0,2,1,1,,0
24,2026-07-02,8.7,2,3,1,1,1,1,1,1,,0
24,2026-07-03,5.4,2,1,2,1,0,0,1,2,,0
24,2026-07-04,7.9,2,1,1,3,1,1,2,2,,0
24,2026-07-05,7.9,2,1,2,1,1,1,3,4,,0
24,2026-07-06,6.5,3,1,2,1,0,1,1,3,,0
24,2026-07-07,7.5,1,2,1,1,0,1,2,2,,0
24,2026-07-08,5.1,1,2,1,1,0,3,1,1,,0
24,2026-07-09,8.4,3,2,1,1,0,1,1,1,,0
24,2026-07-10,6.7,2,1,1,2,1,0,1,1,,0
24,2026-07-11,6.2,3,2,2,2,1,0,1,1,,0
24,2026-07-12,8.6,3,2,3,1,0,0,1,1,,0
24,2026-07-13,5.9,3,2,1,1,1,1,1,1,,0
24,2026-07-14,4.9,3,2,1,1,1,1,1,1,,0
24,2026-07-15,4.7,1,2,2,3,1,1,1,1,,0
24,2026-07-16,7.9,1,1,3,1,0,0,2,4,,0
24,2026-07-17,5.1,3,1,1,2,0,1,3,2,,1
24,2026-07-18,9.6,2,3,1,1,0,3,1,4,,0
24,2026-07-19,3.9,1,3,2,3,0,0,1,1,,1
24,2026-07-20,9.5,2,2,1,2,0,0,1,2,,0
24,2026-07-21,7.3,3,1,1,2,0,0,2,1,,0
24,2026-07-22,6.9,2,2,2,1,0,0,1,1,,1
24,2026-07-23,6.2,2,2,2,1,1,1,1,1,,0
24,2026-07-24,7.6,2,2,2,1,0,2,1,4,,0
24,2026-07-25,6.9,1,1,2,2,0,0,1,4,,0
24,2026-07-26,8.7,2,1,2,1,0,0,1,1,,0
24,2026-07-27,7.2,2,2,1,3,0,1,3,1,,1
24,2026-07-28,7.2,1,2,1,2,0,1,2,2,,1
24,2026-07-29,6.5,3,1,1,1,0,2,1,1,,0
24,2026-07-30,6.9,2,1,1,2,0,0,1,1,,0
25,2026-07-01,7.5,3,2,2,1,0,0,1,1,,0
25,2026-07-02,4.4,3,3,3,1,0,1,1,2,,0
25,2026-07-03,5.0,1,3,3,1,0,0,2,1,,0
25,2026-07-04,8.1,2,2,2,1,1,0,1,1,,1
25,2026-07-05,7.3,2,2,1,2,0,0,1,1,,0
25,2026-07-06,6.7,3,1,1,1,0,1,1,2,,0
25,2026-07-07,7.0,1,2,3,1,0,1,2,4,,1
25,2026-07-08,7.5,2,2,2,1,0,2,2,1,,0
25,2026-07-09,6.2,2,2,2,2,0,1,1,3,,0
25,2026-07-10,5.8,1,2,2,1,0,0,1,3,,0
25,2026-07-11,7.3,1,1,2,2,1,1,1,4,,1
25,2026-07-12,5.5,2,1,3,1,0,1,3,3,,1
25,2026-07-13,7.6,3,2,1,1,0,1,1,2,,0
25,2026-07-14,4.4,2,1,2,1,1,1,1,3,,1
25,2026-07-15,8.5,2,1,3,1,2,1,1,1,,0
25,2026-07-16,7.7,2,3,1,2,0,0,2,2,,0
25,2026-07-17,7.4,3,2,2,1,0,1,1,4,,0
25,2026-07-18,8.5,1,2,1,2,0,2,1,3,,1
25,2026-07-19,9.5,3,3,3,1,0,0,1,4,,0
25,2026-07-20,8.5,1,3,1,1,0,1,2,3,,0
25,2026-07-21,4.2,2,2,2,3,0,1,2,3,,1
25,2026-07-22,5.1,1,3,1,2,1,0,2,3,,0
25,2026-07-23,6.1,1,2,2,1,0,0,1,3,,0
25,2026-07-24,7.0,2,2,1,1,0,0,1,2,,0
25,2026-07-25,7.8,1,2,1,1,0,0,3,4,,0
25,2026-07-26,5.9,3,2,2,1,1,0,1,3,,1
25,2026-07-27,7.3,1,2,3,2,0,2,2,3,,0
25,2026-07-28,5.9,2,2,1,2,1,2,2,2,,1
25,2026-07-29,6.1,2,1,1,1,0,2,1,1,,0
25,2026-07-30,4.9,1,2,2,3,0,0,1,1,,0
26,2026-07-01,5.6,1,1,2,1,0,0,2,4,,0
26,2026-07-02,5.0,2,2,3,1,0,1,2,2,,0
26,2026-07-03,5.5,2,2,1,1,0,1,1,1,,0
26,2026-07-04,8.6,2,2,2,1,0,1,1,1,,0
26,2026-07-05,5.6,2,2,1,1,0,0,1,3,,0
26,2026-07-06,10.0,2,3,1,1,1,0,1,3,,0
26,2026-07-07,7.7,1,2,2,1,0,0,1,3,,0
26,2026-07-08,7.3,2,2,2,1,0,0,1,2,,0
26,2026-07-09,5.7,3,2,2,2,0,1,3,1,,0
26,2026-07-10,8.1,2,1,1,1,1,0,2,1,,1
26,2026-07-11,6.1,2,1,2,1,2,1,2,1,,1
26,2026-07-12,7.2,2,1,2,2,0,2,1,3,,0
26,2026-07-13,10.0,3,2,3,3,0,0,1,1,,0
26,2026-07-14,6.9,3,2,1,3,0,0,3,2,,0
26,2026-07-15,8.7,2,3,1,1,2,2,1,2,,0
26,2026-07-16,5.9,3,1,1,1,1,1,1,2,,0
26,2026-07-17,6.9,1,1,2,1,0,2,1,4,,1
26,2026-07-18,9.7,1,3,1,1,0,2,2,1,,0
26,2026-07-19,6.1,3,1,3,3,0,0,2,3,,0
26,2026-07-20,9.7,3,2,1,1,0,1,1,1,,0
26,2026-07-21,8.1,1,2,3,1,1,1,2,1,,0
26,2026-07-22,6.2,1,2,1,1,0,1,1,2,,0
26,2026-07-23,7.9,1,1,2,1,0,0,1,1,,0
26,2026-07-24,8.5,1,1,3,2,1,2,2,3,,1
26,2026-07-25,7.9,3,1,1,1,1,0,2,2,,0
26,2026-07-26,4.6,2,2,3,1,0,0,1,1,,0
26,2026-07-27,5.9,2,2,2,1,1,0,1,1,,1
26,2026-07-28,6.6,2,1,3,1,0,0,2,2,,0
26,2026-07-29,6.9,1,2,2,1,1,2,2,3,,0
26,2026-07-30,7.9,1,3,1,1,1,2,2,2,,0
27,2026-07-01,7.3,2,1,1,1,0,1,1,2,,1
27,2026-07-02,5.0,3,2,1,2,1,1,3,3,,1
27,2026-07-03,7.6,3,2,1,3,1,0,3,2,,1
27,2026-07-04,7.9,1,1,1,3,0,2,1,1,,1
27,2026-07-05,7.8,3,2,1,3,0,1,2,2,,1
27,2026-07-06,8.6,3,2,2,1,1,1,1,2,,0
27,2026-07-07,8.3,3,3,2,1,0,2,1,3,,0
27,2026-07-08,7.7,2,3,1,1,0,1,2,2,,0
27,2026-07-09,6.9,2,2,1,2,1,0,1,4,,1
27,2026-07-10,4.5,2,2,2,3,1,3,1,1,,1
27,2026-07-11,7.6,1,2,1,2,0,0,2,4,,1
27,2026-07-12,7.3,1,2,1,1,0,1,1,2,,1
27,2026-07-13,7.4,1,2,1,3,0,1,1,2,,0
27,2026-07-14,5.1,2,1,3,1,0,1,3,1,,0
27,2026-07-15,5.4,3,2,3,1,0,0,1,1,,0
27,2026-07-16,8.6,2,2,1,1,1,0,1,3,,0
27,2026-07-17,6.9,1,2,2,1,0,1,1,3,,0
27,2026-07-18,8.0,3,3,2,1,0,0,1,1,,0
27,2026-07-19,7.0,3,1,2,1,0,1,2,2,,0
27,2026-07-20,7.0,3,2,2,1,2,1,2,1,,0
27,2026-07-21,8.4,3,1,2,1,0,0,1,4,,0
27,2026-07-22,6.2,2,2,1,2,0,1,2,3,,0
27,2026-07-23,7.1,3,2,1,1,0,0,1,1,,0
27,2026-07-24,6.3,1,2,2,1,0,0,1,3,,0
27,2026-07-25,6.3,2,2,3,2,0,1,2,4,,0
27,2026-07-26,6.5,1,2,2,3,0,1,2,1,,0
27,2026-07-27,7.3,1,2,3,1,0,0,1,3,,0
27,2026-07-28,6.3,1,2,3,1,0,1,1,2,,0
27,2026-07-29,8.9,2,2,1,1,0,1,1,2,,0
27,2026-07-30,5.7,3,3,2,1,0,1,1,1,,0
28,2026-07-01,6.7,2,1,2,1,0,1,1,1,,0
28,2026-07-02,6.3,1,1,3,2,0,0,2,2,,0
28,2026-07-03,9.2,3,2,3,1,0,0,1,1,,0
28,2026-07-04,7.3,2,3,2,2,0,0,2,3,,0
28,2026-07-05,8.5,2,2,1,2,1,0,1,1,,0
28,2026-07-06,4.8,2,1,2,3,0,1,1,2,,1
28,2026-07-07,7.4,1,2,1,1,0,2,1,3,,0
28,2026-07-08,8.3,2,2,2,3,0,0,1,2,,0
28,2026-07-09,7.1,3,1,3,1,2,1,2,2,,0
28,2026-07-10,8.6,1,2,1,1,1,1,1,4,,0
28,2026-07-11,6.2,2,3,2,1,0,0,1,3,,1
28,2026-07-12,9.1,3,2,2,1,0,1,2,1,,0
28,2026-07-13,10.0,3,2,2,2,0,2,2,2,,0
28,2026-07-14,6.5,1,2,1,1,0,0,1,4,,0
28,2026-07-15,6.3,1,1,2,1,0,1,1,1,,0
28,2026-07-16,9.2,1,3,3,1,1,0,2,1,,0
28,2026-07-17,9.4,2,2,3,1,0,1,3,1,,0
28,2026-07-18,6.2,2,2,1,1,1,0,2,1,,0
28,2026-07-19,6.4,1,2,3,2,0,0,1,3,,0
28,2026-07-20,6.6,3,2,2,1,1,1,3,3,,0
28,2026-07-21,5.0,2,2,1,1,1,1,1,4,,0
28,2026-07-22,5.6,1,1,1,1,0,2,1,3,,1
28,2026-07-23,5.5,2,3,1,1,0,0,2,1,,0
28,2026-07-24,5.8,2,3,3,1,0,0,1,1,,0
28,2026-07-25,6.9,1,2,2,1,0,1,1,4,,0
28,2026-07-26,7.4,1,3,2,3,0,0,1,1,,0
28,2026-07-27,9.3,3,1,1,1,0,1,1,1,,0
28,2026-07-28,5.5,2,2,2,1,0,0,2,4,,0
28,2026-07-29,8.5,2,2,1,1,2,0,2,2,,0
28,2026-07-30,6.7,2,2,1,2,0,1,1,1,,0
29,2026-07-01,6.9,1,2,2,1,2,0,1,3,,1
29,2026-07-02,8.0,1,2,1,1,0,0,3,4,,0
29,2026-07-03,5.3,2,1,3,2,1,0,2,1,,1
29,2026-07-04,7.6,1,2,1,1,0,1,1,3,,0
29,2026-07-05,7.2,1,1,2,1,0,1,3,1,,0
29,2026-07-06,7.7,3,2,2,1,1,1,2,2,,0
29,2026-07-07,7.4,3,1,2,1,0,1,1,4,,0
29,2026-07-08,10.0,3,1,1,1,1,0,1,4,,0
29,2026-07-09,6.0,3,2,1,1,0,2,1,1,,0
29,2026-07-10,6.2,1,2,3,1,0,1,2,1,,0
29,2026-07-11,6.1,3,3,1,1,0,1,1,1,,0
29,2026-07-12,6.2,1,2,3,1,1,1,1,2,,1
29,2026-07-13,6.0,3,2,3,3,0,0,1,1,,1
29,2026-07-14,8.8,3,3,1,2,1,1,3,2,,0
29,2026-07-15,9.1,3,2,1,2,1,0,1,1,,0
29,2026-07-16,6.1,3,1,2,1,0,1,3,2,,0
29,2026-07-17,5.8,2,2,3,1,0,0,3,1,,1
29,2026-07-18,7.7,1,3,3,1,1,0,1,3,,0
29,2026-07-19,6.2,2,2,2,1,0,1,1,1,,0
29,2026-07-20,7.9,2,1,2,3,0,2,1,1,,0
29,2026-07-21,7.3,1,1,1,1,0,2,3,3,,0
29,2026-07-22,4.7,2,1,3,1,0,1,1,3,,0
29,2026-07-23,9.3,3,2,3,1,0,2,1,1,,1
29,2026-07-24,9.7,1,2,1,1,0,0,1,1,,0
29,2026-07-25,6.1,3,1,1,1,1,0,1,3,,1
29,2026-07-26,6.4,3,3,1,1,0,0,3,1,,0
29,2026-07-27,7.4,3,2,1,1,0,0,2,3,,0
29,2026-07-28,7.5,3,2,3,2,2,2,2,2,,1
29,2026-07-29,8.0,2,3,1,1,1,2,1,1,,0
29,2026-07-30,10.0,3,1,1,3,1,1,1,2,,1
30,2026-07-01,6.7,3,2,1,2,0,2,3,3,,0
30,2026-07-02,5.8,1,2,3,1,1,1,1,4,,0
30,2026-07-03,4.9,2,3,2,2,0,0,3,1,,0
30,2026-07-04,5.9,3,2,2,1,0,1,1,2,,0
30,2026-07-05,7.0,1,1,1,3,0,0,1,1,,1
30,2026-07-06,9.7,2,3,3,1,0,3,2,2,,0
30,2026-07-07,6.2,2,1,3,1,1,0,3,3,,0
30,2026-07-08,7.3,1,3,1,1,0,1,3,1,,0
30,2026-07-09,7.0,2,3,1,1,1,1,1,4,,0
30,2026-07-10,8.8,3,1,1,3,1,4,1,2,,1
30,2026-07-11,10.0,2,2,1,1,0,2,1,4,,0
30,2026-07-12,6.2,1,1,2,1,0,1,2,3,,0
30,2026-07-13,6.3,1,2,3,1,0,1,2,1,,0
30,2026-07-14,8.6,2,2,2,3,0,0,1,1,,1
30,2026-07-15,8.0,3,2,3,1,0,1,3,1,,0
30,2026-07-16,9.8,1,3,2,1,2,0,2,1,,0
30,2026-07-17,7.9,2,2,2,1,0,0,2,2,,1
30,2026-07-18,6.5,1,2,2,2,0,0,1,2,,0
30,2026-07-19,7.9,2,3,1,1,1,0,1,4,,1
30,2026-07-20,8.7,3,3,1,1,0,3,3,2,,1
30,2026-07-21,8.2,3,1,2,1,1,0,1,3,,0
30,2026-07-22,7.8,1,3,1,2,0,2,2,4,,0
30,2026-07-23,8.6,2,1,1,1,0,3,3,3,,0
30,2026-07-24,8.8,1,3,2,1,0,1,2,1,,0
30,2026-07-25,9.1,2,1,3,1,0,0,1,2,,0
30,2026-07-26,8.0,2,1,2,2,0,0,1,1,,0
30,2026-07-27,6.7,1,2,3,3,1,0,1,1,,1
30,2026-07-28,7.2,1,2,2,1,0,0,1,1,,0
30,2026-07-29,8.8,2,2,2,1,2,0,1,3,,0
30,2026-07-30,5.8,3,1,2,1,0,3,1,2,,1
31,2026-07-01,7.6,3,2,3,1,0,2,1,2,,0
31,2026-07-02,6.4,1,3,2,1,0,2,1,4,,0
31,2026-07-03,7.0,3,2,2,1,2,2,1,1,,1
31,2026-07-04,8.9,2,1,2,1,0,0,1,2,,0
31,2026-07-05,7.3,2,2,2,3,0,0,1,3,,0
31,2026-07-06,7.1,3,1,1,1,1,0,2,1,,0
31,2026-07-07,5.0,3,3,1,1,0,1,1,2,,0
31,2026-07-08,8.1,3,3,1,1,1,0,1,1,,0
31,2026-07-09,8.0,2,2,3,1,0,1,2,3,,0
31,2026-07-10,10.0,2,2,1,1,1,0,2,1,,0
31,2026-07-11,6.5,3,2,1,1,2,0,1,1,,0
31,2026-07-12,7.3,1,2,2,1,1,1,2,2,,1
31,2026-07-13,7.4,2,3,1,2,0,0,3,1,,0
31,2026-07-14,9.4,2,2,2,3,0,0,2,1,,0
31,2026-07-15,6.9,2,2,1,1,2,2,1,2,,0
31,2026-07-16,7.4,1,2,3,1,0,0,2,1,,0
31,2026-07-17,7.9,1,2,3,1,0,1,1,2,,1
31,2026-07-18,7.3,3,3,3,1,1,0,1,2,,0
31,2026-07-19,6.3,1,2,2,1,0,2,3,2,,0
31,2026-07-20,7.3,2,2,2,2,0,3,1,2,,1
31,2026-07-21,8.6,1,1,1,3,0,0,3,1,,1
31,2026-07-22,5.5,1,2,1,3,0,1,1,1,,0
31,2026-07-23,7.2,1,2,1,1,0,2,3,3,,0
31,2026-07-24,5.9,1,1,2,2,1,1,1,3,,0
31,2026-07-25,8.8,3,1,2,2,0,2,1,1,,1
31,2026-07-26,4.7,1,2,2,1,1,1,1,2,,1
31,2026-07-27,6.2,3,2,1,1,1,1,1,2,,0
31,2026-07-28,7.6,2,2,2,2,1,0,1,2,,1
31,2026-07-29,9.3,2,1,2,1,0,1,2,2,,0
31,2026-07-30,6.9,2,2,2,1,1,0,1,1,,0
32,2026-07-01,6.2,2,1,2,1,0,0,2,3,,0
32,2026-07-02,9.8,3,2,1,1,0,0,1,1,,0
32,2026-07-03,4.8,1,1,3,1,1,3,1,2,,1
32,2026-07-04,3.7,2,1,2,3,0,1,3,3,,1
32,2026-07-05,7.7,3,1,1,1,2,1,1,2,,0
32,2026-07-06,6.2,3,2,1,1,0,0,2,1,,0
32,2026-07-07,5.5,3,1,2,1,1,1,2,4,,0
32,2026-07-08,8.1,2,2,3,1,0,2,1,3,,0
32,2026-07-09,7.4,3,2,2,1,2,0,3,3,,0
32,2026-07-10,6.2,2,2,1,1,0,2,2,2,,0
32,2026-07-11,5.1,2,2,3,1,0,0,1,1,,0
32,2026-07-12,8.3,1,3,2,1,0,1,2,4,,0
32,2026-07-13,8.0,2,1,2,1,0,0,1,2,,1
32,2026-07-14,6.9,1,2,2,1,0,0,1,3,,0
32,2026-07-15,9.8,2,1,1,1,0,4,3,1,,1
32,2026-07-16,5.4,3,1,2,1,0,0,2,1,,0
32,2026-07-17,4.7,1,2,1,3,0,1,2,4,,1
32,2026-07-18,6.0,1,2,3,1,0,1,2,2,,0
32,2026-07-19,6.9,1,3,2,1,1,0,2,1,,0
32,2026-07-20,7.4,3,2,2,1,1,2,3,1,,0
32,2026-07-21,6.6,2,3,2,1,1,1,1,2,,0
32,2026-07-22,7.5,2,1,3,3,1,0,1,1,,0
32,2026-07-23,5.1,3,1,3,1,0,1,1,2,,0
32,2026-07-24,9.2,3,1,2,1,0,1,2,2,,1
32,2026-07-25,6.9,2,1,2,1,0,1,1,3,,0
32,2026-07-26,8.7,2,2,2,1,1,0,1,1,,0
32,2026-07-27,7.5,3,2,2,2,2,0,1,4,,0
32,2026-07-28,7.7,2,1,1,1,0,2,3,1,,1
32,2026-07-29,7.9,1,3,2,1,0,1,2,2,,0
32,2026-07-30,7.7,3,3,1,1,0,0,1,1,,0
33,2026-07-01,8.0,2,1,3,1,0,1,1,3,,0
33,2026-07-02,9.0,1,1,1,2,0,3,1,4,,1
33,2026-07-03,7.3,2,1,3,1,0,2,1,3,,0
33,2026-07-04,8.1,1,1,2,1,2,2,1,2,,1
33,2026-07-05,6.9,1,1,2,1,0,3,3,2,,1
33,2026-07-06,9.2,3,2,2,1,2,2,3,3,,1
33,2026-07-07,6.0,1,1,1,1,1,1,1,4,,0
33,2026-07-08,9.7,2,2,1,1,1,1,1,4,,0
33,2026-07-09,6.9,2,3,1,1,1,0,1,1,,0
33,2026-07-10,4.9,1,2,2,1,1,0,1,4,,1
33,2026-07-11,7.2,3,3,2,1,1,1,1,1,,0
33,2026-07-12,6.0,1,1,2,3,1,0,1,1,,1
33,2026-07-13,8.3,2,2,1,1,0,1,1,1,,0
33,2026-07-14,6.0,2,2,1,1,2,2,2,1,,1
33,2026-07-15,6.3,1,1,2,1,1,0,2,3,,1
33,2026-07-16,4.2,1,1,3,1,1,2,2,3,,1
33,2026-07-17,6.3,3,2,2,1,1,2,1,3,,0
33,2026-07-18,3.4,3,2,2,2,0,0,3,2,,1
33,2026-07-19,4.6,1,2,2,1,0,0,3,2,,0
33,2026-07-20,8.1,2,2,1,1,0,0,1,3,,0
33,2026-07-21,8.2,3,2,3,1,0,2,1,1,,0
33,2026-07-22,7.6,3,1,2,1,1,1,1,3,,0
33,2026-07-23,5.5,2,2,1,1,0,0,1,2,,0
33,2026-07-24,6.9,2,1,2,2,0,1,1,2,,1
33,2026-07-25,7.0,2,1,1,1,0,0,1,2,,0
33,2026-07-26,5.3,3,3,3,1,0,0,1,3,,0
33,2026-07-27,9.3,3,2,1,1,1,0,1,1,,0
33,2026-07-28,8.3,1,2,2,1,1,2,1,1,,0
33,2026-07-29,6.7,2,2,1,1,0,0,3,3,,0
33,2026-07-30,7.0,3,2,2,1,0,2,1,2,,0
34,2026-07-01,7.3,3,1,2,1,0,0,2,3,,0
34,2026-07-02,3.9,3,1,2,1,0,2,1,1,,1
34,2026-07-03,6.6,3,1,2,1,0,1,1,1,,0
34,2026-07-04,6.0,2,2,3,1,2,1,1,3,,0
34,2026-07-05,5.5,2,2,1,1,0,1,1,2,,0
34,2026-07-06,6.6,2,2,1,1,0,0,1,2,,0
34,2026-07-07,9.7,1,2,1,1,0,0,1,1,,0
34,2026-07-08,8.0,2,3,3,1,1,1,1,1,,0
34,2026-07-09,6.1,3,1,1,1,1,0,2,2,,1
34,2026-07-10,7.9,1,1,2,2,1,0,1,1,,0
34,2026-07-11,9.1,3,2,2,1,0,1,2,3,,0
34,2026-07-12,8.4,2,2,1,1,1,0,1,3,,1
34,2026-07-13,7.1,3,3,1,1,0,0,2,1,,0
34,2026-07-14,6.0,1,1,1,1,0,2,1,2,,0
34,2026-07-15,8.0,1,3,2,1,0,2,2,2,,0
34,2026-07-16,7.6,2,3,1,1,0,1,3,1,,0
34,2026-07-17,8.3,1,1,1,1,1,0,3,1,,0
34,2026-07-18,8.0,3,2,3,1,2,1,1,2,,0
34,2026-07-19,8.6,3,2,3,1,0,0,2,2,,0
34,2026-07-20,6.2,1,3,1,2,1,0,1,2,,0
34,2026-07-21,9.0,2,1,1,1,1,1,3,2,,0
34,2026-07-22,7.3,2,2,1,1,2,2,1,3,,0
34,2026-07-23,10.0,2,2,2,1,0,0,1,3,,0
34,2026-07-24,6.0,3,2,3,1,0,1,1,2,,1
34,2026-07-25,9.6,3,2,1,1,0,0,1,3,,0
34,2026-07-26,7.3,2,2,1,1,1,0,2,1,,0
34,2026-07-27,6.0,3,3,2,1,0,1,3,3,,0
34,2026-07-28,6.3,2,3,2,1,0,0,2,2,,0
34,2026-07-29,6.5,3,3,1,2,0,0,2,3,,0
34,2026-07-30,7.6,2,1,2,3,0,0,2,2,,1
35,2026-07-01,7.8,3,2,1,1,1,2,1,1,,1
35,2026-07-02,6.1,3,1,1,1,1,0,1,2,,0
35,2026-07-03,7.0,1,2,2,1,1,0,1,1,,0
35,2026-07-04,10.0,3,2,3,1,1,1,1,2,,0
35,2026-07-05,9.6,1,2,2,1,0,1,1,2,,0
35,2026-07-06,7.7,2,2,3,1,0,1,1,3,,0
35,2026-07-07,7.1,2,3,2,3,0,0,1,2,,0
35,2026-07-08,7.2,3,1,2,1,0,1,1,2,,0
35,2026-07-09,7.9,3,2,2,1,0,0,3,1,,0
35,2026-07-10,5.5,3,2,3,1,1,1,1,4,,0
35,2026-07-11,6.6,3,1,3,2,0,0,1,3,,0
35,2026-07-12,4.5,2,1,1,1,1,0,1,3,,0
35,2026-07-13,7.6,3,3,3,1,0,1,1,1,,0
35,2026-07-14,8.0,2,3,3,1,0,1,1,2,,0
35,2026-07-15,6.3,2,3,2,2,0,0,1,1,,0
35,2026-07-16,9.4,1,3,1,1,0,0,1,2,,0
35,2026-07-17,5.2,3,1,3,2,0,1,1,1,,0
35,2026-07-18,4.8,3,2,3,1,0,0,1,2,,1
35,2026-07-19,7.3,2,2,1,1,0,0,1,2,,0
35,2026-07-20,8.6,1,2,3,1,0,1,2,1,,0
35,2026-07-21,9.5,3,2,1,1,0,1,1,2,,0
35,2026-07-22,6.3,1,2,1,1,1,0,1,3,,0
35,2026-07-23,8.6,3,2,2,2,1,1,1,1,,1
35,2026-07-24,6.9,3,2,2,1,0,3,2,3,,1
35,2026-07-25,6.7,2,1,2,1,1,1,1,1,,1
35,2026-07-26,8.3,1,2,1,1,1,2,2,1,,0
35,2026-07-27,8.0,3,2,3,1,1,0,2,1,,0
35,2026-07-28,4.6,3,2,1,1,0,0,1,3,,0
35,2026-07-29,9.2,2,1,1,1,0,1,1,2,,0
35,2026-07-30,9.1,3,2,1,1,1,0,1,3,,0
36,2026-07-01,6.1,1,1,2,1,0,0,1,2,,1
36,2026-07-02,7.6,2,2,3,3,2,1,1,1,,0
36,2026-07-03,7.7,3,2,2,1,1,1,1,3,,0
36,2026-07-04,7.4,3,2,3,2,0,2,1,1,,0
36,2026-07-05,6.2,1,1,1,1,0,1,1,3,,0
36,2026-07-06,6.0,3,2,2,1,0,0,2,1,,0
36,2026-07-07,7.0,2,2,2,1,0,1,1,1,,0
36,2026-07-08,8.8,2,2,2,1,0,0,3,3,,0
36,2026-07-09,7.8,1,2,1,2,0,0,3,4,,0
36,2026-07-10,6.4,3,2,2,1,0,0,3,1,,0
36,2026-07-11,8.2,1,2,2,1,0,1,2,3,,0
36,2026-07-12,3.0,2,1,2,2,2,2,1,1,,1
36,2026-07-13,8.7,1,1,2,1,0,0,1,3,,1
36,2026-07-14,4.4,3,2,1,1,2,1,1,2,,1
36,2026-07-15,6.5,2,2,2,1,2,0,1,1,,1
36,2026-07-16,5.3,3,2,1,2,0,0,2,1,,0
36,2026-07-17,5.1,1,1,3,1,1,2,3,1,,0
36,2026-07-18,8.7,2,1,2,1,0,0,1,1,,0
36,2026-07-19,6.3,2,2,1,1,1,2,1,1,,0
36,2026-07-20,7.5,3,1,3,3,0,1,1,2,,1
36,2026-07-21,6.9,3,2,2,1,0,1,1,4,,0
36,2026-07-22,7.7,1,1,1,1,0,0,1,1,,0
36,2026-07-23,7.1,2,2,2,1,0,1,1,2,,0
36,2026-07-24,5.1,1,3,1,3,0,1,2,2,,1
36,2026-07-25,8.5,2,1,3,2,0,2,1,4,,1
36,2026-07-26,6.3,1,2,3,3,0,1,3,2,,0
36,2026-07-27,4.7,2,1,3,1,0,1,2,2,,1
36,2026-07-28,6.4,2,2,2,1,0,1,2,2,,0
36,2026-07-29,9.3,2,2,2,1,0,0,1,1,,0
36,2026-07-30,8.3,2,2,2,2,0,0,2,1,,0
37,2026-07-01,6.5,3,2,1,1,0,0,2,2,,1
37,2026-07-02,6.5,2,3,2,1,1,2,1,1,,0
37,2026-07-03,6.5,1,1,2,2,0,0,1,2,,0
37,2026-07-04,10.0,3,1,1,1,1,1,3,1,,0
37,2026-07-05,7.6,1,3,2,1,0,2,1,2,,0
37,2026-07-06,7.6,2,2,3,1,1,0,1,1,,0
37,2026-07-07,8.5,2,3,3,1,0,0,1,4,,0
37,2026-07-08,7.4,2,2,1,2,0,1,2,3,,0
37,2026-07-09,6.6,1,3,1,1,0,1,2,1,,1
37,2026-07-10,6.7,2,2,1,1,0,2,1,1,,0
37,2026-07-11,6.9,3,2,3,1,0,1,1,2,,0
37,2026-07-12,6.9,2,3,1,1,0,1,3,1,,0
37,2026-07-13,8.1,2,2,2,1,2,0,2,1,,0
37,2026-07-14,7.1,2,1,1,1,0,2,2,1,,0
37,2026-07-15,8.1,1,1,2,1,0,1,1,4,,0
37,2026-07-16,6.9,2,1,1,1,1,0,1,3,,1
37,2026-07-17,7.1,3,1,2,1,0,0,1,2,,0
37,2026-07-18,4.0,1,2,1,1,1,0,2,2,,1
37,2026-07-19,8.4,1,2,2,2,0,0,1,4,,0
37,2026-07-20,7.5,1,2,1,2,1,0,1,4,,1
37,2026-07-21,8.5,2,2,2,2,0,0,1,4,,0
37,2026-07-22,3.0,3,2,3,1,1,0,1,1,,0
37,2026-07-23,10.0,1,1,1,1,1,1,2,1,,0
37,2026-07-24,6.8,2,1,3,1,0,1,1,2,,0
37,2026-07-25,8.7,1,1,2,1,0,1,2,2,,0
37,2026-07-26,5.4,3,2,1,1,0,2,3,1,,0
37,2026-07-27,7.9,1,1,2,1,2,0,1,1,,0
37,2026-07-28,5.4,2,1,1,3,0,0,2,3,,1
37,2026-07-29,6.1,3,2,2,1,0,1,3,3,,0
37,2026-07-30,9.9,3,3,2,1,0,1,3,1,,0
38,2026-07-01,6.7,2,1,1,2,0,2,1,3,,0
38,2026-07-02,7.3,2,2,2,1,0,1,1,2,,0
38,2026-07-03,8.3,2,2,3,2,2,2,1,3,,1
38,2026-07-04,7.7,1,2,3,2,0,1,2,2,,0
38,2026-07-05,7.2,1,3,2,3,1,1,2,1,,0
38,2026-07-06,7.5,2,1,3,1,0,0,2,2,,0
38,2026-07-07,10.0,1,1,2,1,0,1,1,2,,0
38,2026-07-08,6.9,1,3,1,1,0,1,1,2,,0
38,2026-07-09,7.3,2,2,3,1,0,0,1,1,,0
38,2026-07-10,8.6,3,2,2,1,2,1,1,4,,0
38,2026-07-11,8.7,2,2,2,1,1,1,2,1,,0
38,2026-07-12,8.8,1,2,2,1,0,0,1,1,,0
38,2026-07-13,8.0,1,3,3,1,0,1,1,2,,0
38,2026-07-14,5.3,3,3,3,2,0,0,1,2,,0
38,2026-07-15,9.5,1,2,2,2,2,0,1,2,,0
38,2026-07-16,5.3,1,1,1,1,1,2,1,3,,0
38,2026-07-17,7.5,2,3,2,1,1,0,1,2,,0
38,2026-07-18,5.9,2,1,2,2,0,1,1,2,,0
38,2026-07-19,6.9,2,1,1,1,0,1,1,3,,0
38,2026-07-20,7.5,1,3,2,2,0,0,1,1,,0
38,2026-07-21,7.5,1,1,2,3,0,1,2,2,,0
38,2026-07-22,7.6,3,1,1,1,0,1,1,3,,0
38,2026-07-23,9.4,1,1,1,2,0,0,2,1,,1
38,2026-07-24,7.7,2,3,1,1,0,1,2,2,,0
38,2026-07-25,6.6,3,2,3,1,1,1,1,4,,0
38,2026-07-26,8.4,2,2,1,1,1,1,3,1,,0
38,2026-07-27,8.8,2,1,1,1,0,0,1,2,,1
38,2026-07-28,5.2,1,2,2,2,0,2,2,4,,0
38,2026-07-29,7.9,2,2,1,1,0,1,3,1,,0
38,2026-07-30,8.1,3,2,1,1,1,0,2,1,,0
39,2026-07-01,6.6,3,2,1,1,1,0,1,3,,0
39,2026-07-02,9.1,1,1,2,2,1,0,1,3,,0
39,2026-07-03,6.8,1,3,2,3,1,0,1,2,,1
39,2026-07-04,7.2,3,2,1,2,0,1,2,2,,0
39,2026-07-05,6.7,3,3,2,1,0,1,2,3,,0
39,2026-07-06,7.0,3,2,3,1,0,0,1,3,,0
39,2026-07-07,5.4,1,2,1,1,0,1,1,1,,0
39,2026-07-08,4.8,2,2,1,1,1,1,2,1,,0
39,2026-07-09,9.4,3,2,1,1,0,0,1,2,,0
39,2026-07-10,5.7,2,3,2,1,0,0,2,3,,0
39,2026-07-11,5.5,2,2,2,1,0,1,2,3,,0
39,2026-07-12,3.8,1,1,1,2,2,2,1,4,,1
39,2026-07-13,6.0,2,2,2,1,0,2,2,3,,1
39,2026-07-14,5.0,1,2,1,1,1,0,1,2,,0
39,2026-07-15,9.5,2,2,2,1,0,0,1,2,,0
39,2026-07-16,8.5,3,1,2,2,0,0,3,3,,0
39,2026-07-17,6.0,2,2,1,2,0,0,2,3,,1
39,2026-07-18,10.0,3,2,2,2,1,2,1,2,,0
39,2026-07-19,8.5,1,2,1,1,0,2,1,1,,0
39,2026-07-20,6.5,2,2,2,3,1,0,1,4,,0
39,2026-07-21,3.3,3,2,1,1,0,2,1,2,,0
39,2026-07-22,10.0,1,1,3,1,0,0,1,1,,0
39,2026-07-23,4.9,1,2,1,3,2,0,1,2,,0
39,2026-07-24,4.5,2,1,3,1,0,0,1,2,,1
39,2026-07-25,8.5,1,1,1,1,0,1,1,1,,0
39,2026-07-26,10.0,3,2,2,1,1,0,1,3,,0
39,2026-07-27,9.1,3,3,1,1,0,2,3,1,,0
39,2026-07-28,7.8,2,2,3,3,1,1,2,1,,1
39,2026-07-29,7.9,1,2,1,1,0,1,1,2,,0
39,2026-07-30,8.3,2,3,1,1,0,0,1,3,,0
40,2026-07-01,8.1,3,3,2,1,0,2,1,4,,0
40,2026-07-02,7.4,1,1,1,1,1,1,1,3,,0
40,2026-07-03,7.2,2,3,1,1,0,1,1,4,,0
40,2026-07-04,6.9,2,2,3,1,1,1,2,1,,0
40,2026-07-05,5.9,2,2,3,1,2,1,2,1,,1
40,2026-07-06,6.6,1,1,1,1,0,2,2,2,,0
40,2026-07-07,4.5,3,2,3,3,0,1,1,1,,0
40,2026-07-08,6.9,1,1,2,1,0,2,3,3,,0
40,2026-07-09,5.5,1,1,1,1,0,1,3,2,,0
40,2026-07-10,5.3,3,2,2,1,0,2,1,4,,0
40,2026-07-11,7.3,3,3,2,1,1,1,1,1,,0
40,2026-07-12,9.1,1,3,3,2,2,0,1,2,,1
40,2026-07-13,8.4,1,2,1,3,2,1,1,2,,1
40,2026-07-14,4.6,1,3,2,1,1,1,2,1,,0
40,2026-07-15,5.5,1,3,1,2,1,0,1,2,,0
40,2026-07-16,8.4,1,2,1,1,0,1,1,2,,0
40,2026-07-17,5.5,1,1,1,1,1,1,1,2,,1
40,2026-07-18,6.7,2,2,3,1,1,0,1,1,,0
40,2026-07-19,7.8,3,3,3,1,0,0,2,1,,0
40,2026-07-20,5.5,2,2,2,1,2,0,1,2,,0
40,2026-07-21,7.2,2,2,2,2,0,1,2,1,,1
40,2026-07-22,5.0,1,2,1,1,1,2,1,1,,0
40,2026-07-23,6.1,3,2,1,3,1,1,1,1,,1
40,2026-07-24,7.5,3,2,1,2,2,0,1,1,,1
40,2026-07-25,4.6,3,1,1,1,0,2,2,1,,1
40,2026-07-26,7.7,3,2,2,1,1,1,1,1,,0
40,2026-07-27,7.0,3,3,2,1,0,0,1,2,,0
40,2026-07-28,7.8,2,3,1,3,0,2,1,2,,0
40,2026-07-29,7.3,1,1,1,1,1,1,1,2,,1
40,2026-07-30,9.0,2,3,1,1,0,0,3,3,,0
41,2026-07-01,7.2,3,2,2,1,1,2,1,2,,0
41,2026-07-02,6.4,3,2,3,1,0,0,1,2,,0
41,2026-07-03,7.2,2,2,2,1,0,0,1,3,,0
41,2026-07-04,7.8,1,3,3,1,1,1,2,2,,1
41,2026-07-05,7.1,2,3,2,1,0,3,1,3,,0
41,2026-07-06,7.1,3,2,1,1,0,1,2,2,,1
41,2026-07-07,5.9,2,3,1,1,2,0,2,2,,0
41,2026-07-08,6.0,2,1,3,1,0,0,1,3,,0
41,2026-07-09,4.9,1,2,2,1,1,0,1,1,,0
41,2026-07-10,9.6,2,2,1,1,0,1,1,1,,0
41,2026-07-11,5.1,3,2,2,1,0,0,2,1,,0
41,2026-07-12,6.0,2,1,2,1,0,1,1,1,,0
41,2026-07-13,5.9,3,3,2,1,0,1,1,1,,0
41,2026-07-14,8.3,2,1,3,1,0,0,2,2,,0
41,2026-07-15,6.6,2,1,2,1,0,1,1,3,,0
41,2026-07-16,8.9,1,2,2,1,0,1,1,3,,0
41,2026-07-17,6.0,3,2,1,1,0,0,1,1,,0
41,2026-07-18,7.4,2,3,1,2,0,0,1,4,,0
41,2026-07-19,5.7,2,2,1,2,0,0,1,2,,0
41,2026-07-20,10.0,2,1,1,2,0,0,1,1,,0
41,2026-07-21,5.2,3,3,2,2,2,1,3,3,,0
41,2026-07-22,7.5,1,2,2,1,1,0,1,3,,0
41,2026-07-23,8.0,3,1,1,1,1,0,2,3,,0
41,2026-07-24,7.6,1,2,3,1,0,4,2,1,,1
41,2026-07-25,6.7,2,2,1,1,2,0,1,2,,0
41,2026-07-26,6.8,1,2,1,1,1,1,2,3,,1
41,2026-07-27,7.1,2,2,1,2,1,1,1,2,,0
41,2026-07-28,6.8,2,3,1,1,0,2,3,2,,0
41,2026-07-29,8.4,1,3,1,1,2,1,2,2,,0
41,2026-07-30,10.0,2,2,2,1,1,0,1,3,,0
42,2026-07-01,6.2,3,1,2,1,1,0,1,1,,0
42,2026-07-02,4.9,1,3,3,1,0,0,1,2,,0
42,2026-07-03,6.9,3,2,1,2,0,0,1,1,,0
42,2026-07-04,10.0,2,2,1,1,0,1,1,2,,0
42,2026-07-05,5.8,2,2,1,2,0,1,1,3,,0
42,2026-07-06,9.5,1,3,2,1,1,0,2,1,,0
42,2026-07-07,9.5,1,2,1,2,0,4,1,2,,1
42,2026-07-08,6.2,1,1,3,1,0,0,2,2,,0
42,2026-07-09,7.9,1,2,2,1,0,3,2,1,,0
42,2026-07-10,9.4,1,3,2,1,0,1,1,2,,0
42,2026-07-11,6.4,2,1,2,2,0,2,2,1,,1
42,2026-07-12,6.7,3,3,1,3,1,0,1,2,,0
42,2026-07-13,6.1,3,2,1,1,0,0,1,1,,0
42,2026-07-14,5.5,2,2,1,1,0,0,2,3,,0
42,2026-07-15,6.0,1,1,2,3,0,0,1,3,,0
42,2026-07-16,5.2,1,1,1,1,0,1,1,2,,0
42,2026-07-17,7.1,2,3,1,1,0,0,2,1,,0
42,2026-07-18,5.8,1,1,3,1,1,0,3,4,,0
42,2026-07-19,7.4,2,2,1,1,1,1,2,2,,0
42,2026-07-20,4.7,2,2,3,2,1,0,2,1,,1
42,2026-07-21,7.5,2,1,2,2,1,0,1,3,,0
42,2026-07-22,8.3,2,1,1,1,0,0,1,1,,0
42,2026-07-23,4.0,3,2,1,1,2,1,2,2,,0
42,2026-07-24,7.6,3,3,1,2,1,1,1,2,,0
42,2026-07-25,8.8,2,2,2,1,2,0,1,2,,1
42,2026-07-26,5.2,3,2,2,2,0,1,1,3,,0
42,2026-07-27,9.5,3,2,2,1,2,1,2,2,,0
42,2026-07-28,7.6,2,2,3,1,1,1,1,1,,0
42,2026-07-29,5.9,2,2,2,3,1,1,2,4,,1
42,2026-07-30,6.9,2,3,1,1,0,0,1,4,,0
43,2026-07-01,7.8,3,2,1,1,1,1,1,2,,0
43,2026-07-02,7.1,3,2,3,1,2,1,1,2,,0
43,2026-07-03,7.8,1,1,1,1,1,0,1,1,,0
43,2026-07-04,5.6,2,3,1,1,0,1,2,3,,0
43,2026-07-05,7.3,2,1,2,3,2,0,1,1,,1
43,2026-07-06,4.9,2,1,2,2,0,0,1,1,,0
43,2026-07-07,6.8,1,2,3,1,0,3,1,2,,0
43,2026-07-08,5.6,3,2,2,1,0,2,1,1,,1
43,2026-07-09,5.9,2,2,1,1,2,1,1,1,,0
43,2026-07-10,8.9,3,2,3,1,0,0,1,2,,0
43,2026-07-11,8.6,3,2,1,1,0,0,3,1,,0
43,2026-07-12,7.9,3,1,1,2,1,0,2,1,,0
43,2026-07-13,5.4,2,3,2,1,1,1,1,1,,0
43,2026-07-14,6.5,2,2,1,2,0,0,1,1,,0
43,2026-07-15,8.8,1,2,2,1,2,0,1,3,,1
43,2026-07-16,7.2,2,2,1,1,2,1,1,3,,1
43,2026-07-17,10.0,1,1,2,1,0,1,2,2,,0
43,2026-07-18,7.6,2,2,1,1,0,0,2,2,,0
43,2026-07-19,7.3,1,2,2,1,0,0,1,1,,0
43,2026-07-20,6.5,1,2,3,3,0,1,2,1,,1
43,2026-07-21,7.2,1,2,1,1,0,0,1,1,,0
43,2026-07-22,6.8,1,3,1,3,2,1,1,2,,0
43,2026-07-23,8.1,3,2,1,1,1,0,1,3,,0
43,2026-07-24,8.4,3,3,1,3,0,1,1,2,,0
43,2026-07-25,5.8,2,2,2,1,0,1,3,1,,0
43,2026-07-26,5.0,1,1,2,3,0,2,1,1,,1
43,2026-07-27,4.2,1,1,1,1,0,0,1,3,,1
43,2026-07-28,7.8,1,2,1,2,0,0,3,1,,0
43,2026-07-29,5.3,1,1,1,3,1,0,2,3,,0
43,2026-07-30,3.8,3,1,2,1,2,2,2,2,,1
44,2026-07-01,7.6,1,3,1,1,0,0,3,3,,0
44,2026-07-02,10.0,2,3,3,1,1,0,1,4,,0
44,2026-07-03,7.0,1,2,2,3,0,0,2,4,,0
44,2026-07-04,8.3,1,1,1,1,1,0,2,2,,0
44,2026-07-05,7.1,2,1,2,1,0,2,2,2,,0
44,2026-07-06,6.9,2,1,3,1,0,0,2,1,,0
44,2026-07-07,8.4,1,2,2,1,2,0,1,4,,0
44,2026-07-08,6.6,1,3,1,2,0,1,2,2,,0
44,2026-07-09,7.4,2,2,1,1,1,2,1,1,,0
44,2026-07-10,7.5,1,1,3,1,0,1,1,2,,0
44,2026-07-11,6.0,1,2,2,3,0,1,1,1,,0
44,2026-07-12,8.5,3,2,2,1,0,0,3,2,,0
44,2026-07-13,6.7,2,2,3,1,0,1,1,2,,0
44,2026-07-14,5.9,2,2,3,1,1,0,1,1,,0
44,2026-07-15,7.8,2,2,3,1,0,0,1,1,,0
44,2026-07-16,5.7,2,1,1,1,1,0,3,4,,0
44,2026-07-17,7.0,2,1,2,2,1,0,1,3,,1
44,2026-07-18,7.0,2,3,2,1,1,0,2,3,,0
44,2026-07-19,8.6,3,1,2,1,0,0,2,1,,0
44,2026-07-20,7.7,1,1,2,1,2,0,1,3,,0
44,2026-07-21,7.0,2,1,1,1,0,1,1,2,,0
44,2026-07-22,8.2,2,1,2,2,0,0,2,1,,0
44,2026-07-23,9.1,3,2,2,1,0,2,3,1,,0
44,2026-07-24,7.8,2,3,1,1,0,0,2,1,,0
44,2026-07-25,7.0,2,2,2,1,0,1,1,1,,0
44,2026-07-26,5.0,1,2,1,1,1,2,2,4,,0
44,2026-07-27,5.4,2,2,1,1,0,2,1,1,,1
44,2026-07-28,6.5,1,2,1,1,0,2,1,2,,1
44,2026-07-29,6.1,2,3,2,1,1,1,2,2,,1
44,2026-07-30,6.7,1,3,2,2,0,1,1,1,,0
45,2026-07-01,7.1,2,1,2,1,0,0,2,2,,0
45,2026-07-02,7.8,1,2,2,2,0,1,1,1,,0
45,2026-07-03,6.9,2,2,3,2,1,0,2,3,,0
45,2026-07-04,7.7,3,3,1,1,0,0,1,1,,0
45,2026-07-05,7.1,1,2,1,1,0,0,1,2,,0
45,2026-07-06,4.0,2,3,3,1,0,0,2,3,,1
45,2026-07-07,5.6,2,2,1,1,1,2,1,3,,1
45,2026-07-08,6.8,1,1,3,2,1,1,1,3,,0
45,2026-07-09,5.2,3,2,3,1,1,0,3,2,,0
45,2026-07-10,7.9,1,3,2,1,0,0,1,1,,0
45,2026-07-11,9.3,2,3,3,1,0,2,3,2,,0
45,2026-07-12,8.8,2,1,1,1,0,0,1,3,,0
45,2026-07-13,6.7,2,2,1,1,0,0,1,3,,0
45,2026-07-14,9.2,2,2,2,2,0,1,2,1,,0
45,2026-07-15,7.2,1,1,1,1,0,0,2,1,,0
45,2026-07-16,6.5,1,2,3,2,0,1,1,3,,0
45,2026-07-17,6.1,3,1,1,1,1,2,1,2,,0
45,2026-07-18,6.5,2,3,2,1,0,2,2,1,,0
45,2026-07-19,6.4,3,2,2,1,1,0,1,2,,0
45,2026-07-20,7.3,3,3,2,1,0,1,1,2,,0
45,2026-07-21,7.2,3,1,1,1,0,0,1,4,,0
45,2026-07-22,7.0,2,2,1,2,0,1,1,2,,0
45,2026-07-23,7.7,2,1,3,2,0,2,1,1,,0
45,2026-07-24,8.8,3,1,1,1,0,0,1,1,,0
45,2026-07-25,8.4,2,1,3,1,0,2,1,1,,0
45,2026-07-26,4.8,1,1,2,1,2,0,1,2,,1
45,2026-07-27,3.2,3,2,2,2,1,0,1,2,,0
45,2026-07-28,8.4,3,1,2,1,0,2,2,1,,0
45,2026-07-29,4.9,2,2,1,3,1,1,1,2,,1
45,2026-07-30,6.7,1,2,2,1,1,2,2,3,,0
46,2026-07-01,5.2,2,3,3,1,1,1,2,1,,0
46,2026-07-02,4.3,3,3,2,3,1,3,1,1,,0
46,2026-07-03,7.8,3,2,3,1,0,0,2,4,,0
46,2026-07-04,8.1,1,2,2,1,0,1,1,1,,0
46,2026-07-05,6.1,1,1,1,1,0,3,2,3,,1
46,2026-07-06,3.1,3,3,1,1,0,3,3,2,,1
46,2026-07-07,6.2,2,1,3,1,0,0,1,3,,1
46,2026-07-08,7.6,2,1,1,1,0,0,2,3,,0
46,2026-07-09,4.8,3,1,3,2,2,1,1,2,,0
46,2026-07-10,7.3,1,2,3,1,2,1,1,3,,0
46,2026-07-11,7.0,2,1,1,3,1,0,2,4,,0
46,2026-07-12,7.9,1,2,1,1,1,3,1,2,,0
46,2026-07-13,7.2,2,1,2,1,2,0,1,1,,0
46,2026-07-14,5.5,3,2,1,1,0,2,1,1,,0
46,2026-07-15,8.8,2,1,2,1,0,0,2,3,,0
46,2026-07-16,6.8,3,1,2,1,0,0,1,2,,0
46,2026-07-17,7.0,2,3,2,3,1,0,3,1,,0
46,2026-07-18,5.6,2,1,2,1,0,1,1,1,,0
46,2026-07-19,6.3,1,3,1,1,1,0,1,2,,0
46,2026-07-20,5.7,2,2,2,1,0,0,2,1,,0
46,2026-07-21,6.7,2,1,1,2,0,1,1,2,,0
46,2026-07-22,9.6,1,3,1,2,1,1,2,3,,0
46,2026-07-23,4.9,2,1,2,1,0,0,1,2,,0
46,2026-07-24,4.6,2,3,3,1,0,1,1,1,,0
46,2026-07-25,9.2,3,1,1,1,0,0,1,1,,0
46,2026-07-26,6.7,2,3,2,1,0,0,3,1,,0
46,2026-07-27,6.0,3,1,2,1,1,2,1,1,,1
46,2026-07-28,8.6,1,2,1,1,0,0,2,2,,0
46,2026-07-29,6.1,1,2,1,1,0,2,1,2,,0
46,2026-07-30,9.7,2,3,3,1,0,2,1,1,,0
47,2026-07-01,8.0,2,3,2,1,1,1,1,1,,0
47,2026-07-02,6.3,1,3,2,3,0,0,3,1,,0
47,2026-07-03,10.0,3,3,2,3,1,2,2,4,,0
47,2026-07-04,6.1,3,1,1,1,1,5,2,2,,1
47,2026-07-05,8.1,2,1,2,1,0,2,1,3,,1
47,2026-07-06,7.4,1,1,2,1,1,0,1,3,,0
47,2026-07-07,9.0,3,2,2,1,1,1,1,2,,0
47,2026-07-08,9.3,2,2,1,2,0,1,3,3,,1
47,2026-07-09,7.0,3,2,1,1,0,0,1,1,,0
47,2026-07-10,5.9,3,1,1,2,2,1,1,2,,1
47,2026-07-11,7.7,3,2,3,3,1,1,1,1,,0
47,2026-07-12,6.0,2,1,2,1,0,0,1,3,,0
47,2026-07-13,10.0,1,2,2,1,0,0,1,1,,0
47,2026-07-14,7.2,2,2,1,1,1,0,2,3,,0
47,2026-07-15,6.5,2,2,1,1,1,0,1,1,,0
47,2026-07-16,7.3,3,2,2,1,1,1,2,3,,0
47,2026-07-17,5.0,1,2,2,1,0,0,2,1,,0
47,2026-07-18,5.5,1,1,2,2,1,1,1,2,,0
47,2026-07-19,8.8,3,2,1,1,0,0,1,2,,0
47,2026-07-20,6.0,3,1,2,1,0,0,1,1,,1
47,2026-07-21,5.4,3,2,1,1,1,3,3,2,,1
47,2026-07-22,7.8,3,2,1,1,2,0,1,4,,0
47,2026-07-23,8.8,2,1,2,1,0,1,1,1,,0
47,2026-07-24,8.1,2,1,1,2,0,1,1,4,,0
47,2026-07-25,8.5,3,3,1,1,1,0,1,2,,0
47,2026-07-26,5.9,2,3,2,1,0,3,1,3,,0
47,2026-07-27,4.9,2,2,2,1,1,2,1,1,,1
47,2026-07-28,9.3,1,1,3,1,1,2,2,2,,0
47,2026-07-29,6.5,2,1,2,2,0,0,2,3,,0
47,2026-07-30,6.6,3,2,1,1,2,1,1,2,,1
48,2026-07-01,9.0,1,3,1,2,1,1,1,2,,0
48,2026-07-02,7.8,1,1,3,1,1,0,2,1,,0
48,2026-07-03,7.7,2,2,2,1,1,1,1,1,,0
48,2026-07-04,10.0,1,1,2,1,1,0,2,2,,0
48,2026-07-05,6.0,1,3,1,1,0,0,1,3,,0
48,2026-07-06,8.4,2,2,2,1,0,1,2,2,,0
48,2026-07-07,7.1,3,2,1,2,1,1,1,1,,1
48,2026-07-08,7.4,2,2,2,1,0,1,1,2,,0
48,2026-07-09,9.3,1,2,3,1,0,0,2,1,,0
48,2026-07-10,7.8,1,1,3,1,1,0,1,2,,0
48,2026-07-11,7.8,2,1,2,1,1,0,1,3,,0
48,2026-07-12,8.6,2,3,2,1,0,1,1,3,,0
48,2026-07-13,6.5,3,3,3,1,1,0,2,1,,0
48,2026-07-14,5.7,2,3,2,1,1,1,1,3,,1
48,2026-07-15,5.4,3,2,1,1,0,0,2,2,,1
48,2026-07-16,4.1,1,3,2,1,1,2,1,3,,1
48,2026-07-17,10.0,2,1,1,1,0,0,1,1,,0
48,2026-07-18,5.3,1,2,2,1,0,1,2,2,,0
48,2026-07-19,6.7,3,2,2,1,0,1,1,1,,0
48,2026-07-20,6.6,2,2,2,3,0,1,1,2,,0
48,2026-07-21,7.5,2,2,1,1,0,1,1,1,,0
48,2026-07-22,8.2,1,1,1,1,1,1,1,1,,1
48,2026-07-23,8.3,1,2,2,1,1,0,2,1,,0
48,2026-07-24,6.1,2,3,3,1,0,1,1,1,,0
48,2026-07-25,6.7,1,2,2,2,1,1,1,1,,1
48,2026-07-26,7.4,2,1,1,1,0,1,1,2,,1
48,2026-07-27,6.6,1,1,3,3,0,2,1,1,,1
48,2026-07-28,9.4,2,1,3,2,1,2,1,2,,0
48,2026-07-29,7.7,3,1,1,1,0,1,3,1,,1
48,2026-07-30,8.1,3,2,1,1,0,1,2,4,,0
49,2026-07-01,8.0,3,2,2,1,1,0,1,4,,0
49,2026-07-02,8.8,1,2,3,1,0,0,1,1,,0
49,2026-07-03,7.3,1,2,3,1,1,3,3,2,,1
49,2026-07-04,5.1,2,3,3,1,0,0,1,1,,0
49,2026-07-05,7.6,2,1,2,1,0,1,1,4,,0
49,2026-07-06,6.0,2,2,2,1,0,0,2,2,,1
49,2026-07-07,6.2,1,3,1,1,0,0,1,1,,0
49,2026-07-08,7.9,1,1,1,2,0,1,1,1,,1
49,2026-07-09,8.9,1,1,2,1,0,1,3,1,,0
49,2026-07-10,7.0,3,3,2,2,1,2,2,1,,0
49,2026-07-11,7.5,1,2,2,1,2,2,1,2,,0
49,2026-07-12,9.6,2,2,2,1,0,1,1,2,,0
49,2026-07-13,7.4,1,1,1,1,0,1,1,1,,0
49,2026-07-14,10.0,2,2,2,1,0,1,2,1,,0
49,2026-07-15,7.8,2,2,1,1,2,0,1,1,,0
49,2026-07-16,4.4,3,1,2,1,2,2,1,1,,0
49,2026-07-17,8.1,3,2,2,2,0,0,3,3,,0
49,2026-07-18,7.6,2,1,2,1,1,0,1,1,,0
49,2026-07-19,8.9,3,2,3,1,0,2,1,2,,0
49,2026-07-20,8.0,3,1,1,2,0,1,1,1,,0
49,2026-07-21,6.8,3,1,2,2,0,0,1,1,,0
49,2026-07-22,5.2,3,1,1,1,0,0,1,2,,0
49,2026-07-23,6.7,1,1,2,1,0,2,3,2,,1
49,2026-07-24,5.7,2,3,3,2,0,1,2,2,,0
49,2026-07-25,6.1,1,1,2,1,1,1,1,2,,1
49,2026-07-26,7.9,1,2,3,1,0,0,1,2,,0
49,2026-07-27,9.5,3,1,1,1,0,2,1,1,,0
49,2026-07-28,7.6,2,2,3,2,0,1,1,2,,0
49,2026-07-29,5.2,3,3,1,1,0,0,1,2,,0
49,2026-07-30,7.7,3,1,3,3,0,1,3,1,,1
50,2026-07-01,8.8,3,3,1,1,0,1,1,2,,0
50,2026-07-02,6.1,3,1,1,2,0,1,1,1,,0
50,2026-07-03,6.8,1,2,2,1,0,1,1,1,,0
50,2026-07-04,7.0,1,2,3,1,0,1,1,2,,1
50,2026-07-05,5.8,2,3,1,2,0,0,1,3,,0
50,2026-07-06,8.0,1,2,1,1,1,0,1,3,,0
50,2026-07-07,6.8,1,2,3,1,1,0,1,1,,0
50,2026-07-08,7.6,2,1,1,1,0,1,2,2,,1
50,2026-07-09,5.7,3,1,1,1,0,1,1,2,,0
50,2026-07-10,6.3,2,3,2,1,0,0,1,1,,0
50,2026-07-11,8.1,2,2,1,1,0,0,1,3,,0
50,2026-07-12,6.4,2,2,3,1,0,0,2,3,,0
50,2026-07-13,9.6,1,2,2,1,0,2,1,4,,0
50,2026-07-14,6.4,1,2,2,1,0,0,1,1,,0
50,2026-07-15,7.3,3,3,3,1,2,2,1,1,,0
50,2026-07-16,8.4,2,2,2,2,0,0,2,3,,0
50,2026-07-17,4.9,3,2,1,1,0,0,1,2,,0
50,2026-07-18,4.4,1,3,1,1,0,2,1,3,,0
50,2026-07-19,4.7,3,1,2,3,2,2,1,1,,1
50,2026-07-20,8.9,2,1,1,1,1,0,1,2,,1
50,2026-07-21,6.2,2,2,3,2,0,0,1,2,,0
50,2026-07-22,10.0,2,1,2,2,1,0,1,1,,0
50,2026-07-23,6.2,3,2,1,2,0,1,2,2,,0
50,2026-07-24,7.3,2,3,2,1,1,2,2,2,,1
50,2026-07-25,9.3,2,2,2,2,1,1,1,1,,0
50,2026-07-26,10.0,3,2,3,2,0,2,1,1,,0
50,2026-07-27,10.0,3,3,3,1,1,1,1,2,,0
50,2026-07-28,8.8,2,2,2,1,0,1,1,2,,0
50,2026-07-29,8.5,3,2,2,1,0,1,2,3,,0
50,2026-07-30,7.9,2,2,2,1,0,2,3,1,,0
